timestamp,transaction_type,token,amount
1547198991,WITHDRAWAL,BTC,0.774500
1547198972,WITHDRAWAL,ETH,0.051656
1547198921,WITHDRAWAL,XRP,0.189528
1547198906,DEPOSIT,BTC,0.692327
1547198886,DEPOSIT,BTC,0.795641
1547198880,DEPOSIT,ETH,0.002512
1547198836,WITHDRAWAL,BTC,0.484613
1547198779,DEPOSIT,BTC,0.408420
1547198739,DEPOSIT,BTC,0.596452
1547198722,WITHDRAWAL,BTC,0.578421
1547198715,WITHDRAWAL,BTC,0.877196
1547198662,DEPOSIT,BTC,0.194929
1547198652,DEPOSIT,ETH,0.137255
1547198593,DEPOSIT,BTC,0.172728
1547198558,DEPOSIT,XRP,0.472701
1547198541,DEPOSIT,XRP,0.953347
1547198452,DEPOSIT,BTC,0.552308
1547198376,DEPOSIT,BTC,0.864968
1547198374,DEPOSIT,XRP,0.599392
1547198287,DEPOSIT,XRP,0.220027
1547198192,DEPOSIT,XRP,0.672678
1547198103,DEPOSIT,BTC,0.194722
1547198074,DEPOSIT,BTC,0.549585
1547198060,DEPOSIT,BTC,0.545659
1547198012,DEPOSIT,BTC,0.001955
1547197958,WITHDRAWAL,XRP,0.722239
1547197941,WITHDRAWAL,BTC,0.921127
1547197928,DEPOSIT,BTC,0.040083
1547197926,WITHDRAWAL,ETH,0.733725
1547197875,DEPOSIT,XRP,0.895069
1547197795,WITHDRAWAL,XRP,0.608606
1547197785,DEPOSIT,BTC,0.360435
1547197756,WITHDRAWAL,XRP,0.751100
1547197684,DEPOSIT,XRP,0.352376
1547197677,WITHDRAWAL,ETH,0.786952
1547197664,WITHDRAWAL,XRP,0.120899
1547197631,DEPOSIT,BTC,0.294919
1547197616,WITHDRAWAL,BTC,0.720038
1547197611,WITHDRAWAL,XRP,0.480177
1547197593,DEPOSIT,XRP,0.791585
1547197547,WITHDRAWAL,BTC,0.715186
1547197498,WITHDRAWAL,XRP,0.416944
1547197472,WITHDRAWAL,BTC,0.637820
1547197380,DEPOSIT,XRP,0.084650
1547197284,WITHDRAWAL,XRP,0.993681
1547197204,DEPOSIT,XRP,0.482441
1547197131,DEPOSIT,ETH,0.686618
1547197056,DEPOSIT,ETH,0.345351
1547197018,DEPOSIT,XRP,0.706135
1547196985,WITHDRAWAL,BTC,0.920342
1547196946,DEPOSIT,ETH,0.803628
1547196888,WITHDRAWAL,BTC,0.491815
1547196869,DEPOSIT,XRP,0.428117
1547196796,WITHDRAWAL,XRP,0.838979
1547196705,DEPOSIT,BTC,0.319695
1547196613,WITHDRAWAL,XRP,0.467570
1547196537,WITHDRAWAL,BTC,0.259850
1547196521,DEPOSIT,BTC,0.051751
1547196496,WITHDRAWAL,ETH,0.785699
1547196437,DEPOSIT,BTC,0.939121
1547196404,WITHDRAWAL,BTC,0.400340
1547196335,DEPOSIT,BTC,0.388204
1547196319,WITHDRAWAL,XRP,0.875603
1547196283,DEPOSIT,BTC,0.035226
1547196275,DEPOSIT,ETH,0.938997
1547196272,DEPOSIT,ETH,0.568130
1547196202,DEPOSIT,BTC,0.237122
1547196116,DEPOSIT,XRP,0.583798
1547196095,DEPOSIT,ETH,0.395072
1547196060,WITHDRAWAL,ETH,0.844285
1547196020,WITHDRAWAL,ETH,0.405944
1547196010,DEPOSIT,ETH,0.520039
1547196009,WITHDRAWAL,ETH,0.289702
1547195970,DEPOSIT,XRP,0.802776
1547195917,WITHDRAWAL,ETH,0.225541
1547195872,DEPOSIT,ETH,0.025734
1547195785,WITHDRAWAL,XRP,0.229204
1547195761,DEPOSIT,XRP,0.414340
1547195726,DEPOSIT,ETH,0.506270
1547195707,DEPOSIT,ETH,0.694554
1547195611,DEPOSIT,XRP,0.795241
1547195544,DEPOSIT,ETH,0.994263
1547195532,DEPOSIT,BTC,0.918201
1547195495,DEPOSIT,XRP,0.867046
1547195477,DEPOSIT,BTC,0.262232
1547195430,DEPOSIT,XRP,0.636032
1547195365,WITHDRAWAL,BTC,0.476048
1547195344,DEPOSIT,BTC,0.863404
1547195328,WITHDRAWAL,XRP,0.165388
1547195271,DEPOSIT,XRP,0.704913
1547195229,DEPOSIT,ETH,0.520702
1547195221,DEPOSIT,BTC,0.482654
1547195205,DEPOSIT,BTC,0.073432
1547195117,DEPOSIT,XRP,0.464396
1547195101,WITHDRAWAL,BTC,0.249515
1547195007,WITHDRAWAL,BTC,0.427071
1547194984,DEPOSIT,BTC,0.340138
1547194962,DEPOSIT,XRP,0.854222
1547194909,DEPOSIT,BTC,0.373085
1547194888,WITHDRAWAL,XRP,0.610868
1547194852,WITHDRAWAL,BTC,0.896875
1547194788,WITHDRAWAL,XRP,0.585129
1547194769,DEPOSIT,ETH,0.244823
1547194670,WITHDRAWAL,ETH,0.610275
1547194600,WITHDRAWAL,BTC,0.901651
1547194571,WITHDRAWAL,ETH,0.238500
1547194474,DEPOSIT,BTC,0.351813
1547194384,DEPOSIT,BTC,0.063754
1547194353,DEPOSIT,BTC,0.240592
1547194322,DEPOSIT,BTC,0.267405
1547194316,DEPOSIT,BTC,0.877777
1547194264,DEPOSIT,BTC,0.580872
1547194233,DEPOSIT,ETH,0.230419
1547194167,WITHDRAWAL,ETH,0.214936
1547194142,DEPOSIT,ETH,0.070718
1547194083,WITHDRAWAL,XRP,0.026390
1547194036,WITHDRAWAL,ETH,0.371331
1547194004,DEPOSIT,BTC,0.599034
1547193913,DEPOSIT,ETH,0.878042
1547193879,DEPOSIT,BTC,0.025365
1547193843,WITHDRAWAL,BTC,0.165373
1547193831,WITHDRAWAL,ETH,0.274742
1547193822,DEPOSIT,XRP,0.026768
1547193740,DEPOSIT,XRP,0.611518
1547193737,DEPOSIT,ETH,0.787731
1547193708,DEPOSIT,BTC,0.440164
1547193700,DEPOSIT,ETH,0.381806
1547193616,DEPOSIT,BTC,0.989376
1547193519,DEPOSIT,XRP,0.605674
1547193452,DEPOSIT,BTC,0.747693
1547193363,DEPOSIT,BTC,0.932944
1547193339,DEPOSIT,BTC,0.047191
1547193332,DEPOSIT,BTC,0.686993
1547193312,DEPOSIT,ETH,0.109780
1547193301,DEPOSIT,BTC,0.567169
1547193228,DEPOSIT,XRP,0.046637
1547193213,DEPOSIT,BTC,0.536008
1547193127,DEPOSIT,BTC,0.154784
1547193095,DEPOSIT,BTC,0.796215
1547193067,WITHDRAWAL,ETH,0.619118
1547193032,DEPOSIT,BTC,0.561146
1547192976,WITHDRAWAL,XRP,0.419721
1547192974,DEPOSIT,ETH,0.360384
1547192895,WITHDRAWAL,ETH,0.367589
1547192821,DEPOSIT,BTC,0.333781
1547192724,DEPOSIT,XRP,0.862855
1547192661,WITHDRAWAL,ETH,0.448163
1547192627,DEPOSIT,XRP,0.223377
1547192610,DEPOSIT,XRP,0.984573
1547192552,WITHDRAWAL,BTC,0.532099
1547192456,DEPOSIT,XRP,0.510113
1547192407,WITHDRAWAL,XRP,0.871174
1547192397,WITHDRAWAL,XRP,0.121985
1547192370,WITHDRAWAL,XRP,0.475009
1547192368,DEPOSIT,ETH,0.676546
1547192303,DEPOSIT,BTC,0.009774
1547192236,DEPOSIT,XRP,0.610104
1547192168,WITHDRAWAL,BTC,0.528054
1547192125,DEPOSIT,BTC,0.159760
1547192086,WITHDRAWAL,ETH,0.750246
1547192000,DEPOSIT,BTC,0.278166
1547191912,DEPOSIT,ETH,0.942624
1547191814,WITHDRAWAL,XRP,0.107043
1547191734,WITHDRAWAL,BTC,0.924897
1547191727,DEPOSIT,BTC,0.881246
1547191725,DEPOSIT,BTC,0.163045
1547191659,DEPOSIT,XRP,0.705747
1547191606,WITHDRAWAL,BTC,0.956251
1547191586,DEPOSIT,ETH,0.201983
1547191508,WITHDRAWAL,ETH,0.231484
1547191479,DEPOSIT,BTC,0.898469
1547191450,DEPOSIT,ETH,0.777204
1547191431,DEPOSIT,BTC,0.830690
1547191425,DEPOSIT,ETH,0.145006
1547191384,DEPOSIT,XRP,0.599372
1547191360,DEPOSIT,ETH,0.940449
1547191270,DEPOSIT,BTC,0.115799
1547191251,DEPOSIT,ETH,0.878551
1547191233,DEPOSIT,BTC,0.222407
1547191199,DEPOSIT,XRP,0.540652
1547191159,DEPOSIT,BTC,0.453067
1547191124,DEPOSIT,ETH,0.642129
1547191120,WITHDRAWAL,BTC,0.405837
1547191039,WITHDRAWAL,BTC,0.238383
1547191000,WITHDRAWAL,ETH,0.953393
1547190912,DEPOSIT,BTC,0.250775
1547190813,DEPOSIT,BTC,0.350931
1547190812,WITHDRAWAL,XRP,0.326784
1547190787,DEPOSIT,XRP,0.787345
1547190741,WITHDRAWAL,BTC,0.229519
1547190649,DEPOSIT,ETH,0.027789
1547190634,WITHDRAWAL,BTC,0.803268
1547190538,DEPOSIT,ETH,0.391466
1547190470,DEPOSIT,ETH,0.312720
1547190393,WITHDRAWAL,BTC,0.255148
1547190352,WITHDRAWAL,XRP,0.399210
1547190341,DEPOSIT,BTC,0.804989
1547190341,DEPOSIT,ETH,0.980964
1547190269,WITHDRAWAL,XRP,0.118280
1547190202,WITHDRAWAL,ETH,0.962922
1547190189,DEPOSIT,BTC,0.425443
1547190174,DEPOSIT,ETH,0.367170
1547190172,DEPOSIT,XRP,0.080012
1547190090,DEPOSIT,XRP,0.770688
1547190068,DEPOSIT,BTC,0.242171
1547190050,DEPOSIT,XRP,0.777282
1547189985,DEPOSIT,BTC,0.109621
1547189950,DEPOSIT,BTC,0.571482
1547189857,DEPOSIT,ETH,0.747633
1547189786,DEPOSIT,XRP,0.503818
1547189697,WITHDRAWAL,ETH,0.240814
1547189609,WITHDRAWAL,BTC,0.975768
1547189570,DEPOSIT,XRP,0.577591
1547189566,DEPOSIT,XRP,0.621527
1547189527,WITHDRAWAL,XRP,0.213280
1547189477,DEPOSIT,XRP,0.687731
1547189450,DEPOSIT,BTC,0.380952
1547189427,DEPOSIT,BTC,0.484885
1547189415,DEPOSIT,ETH,0.764849
1547189318,WITHDRAWAL,ETH,0.671678
1547189282,DEPOSIT,BTC,0.076084
1547189266,DEPOSIT,ETH,0.697933
1547189198,WITHDRAWAL,ETH,0.684060
1547189186,DEPOSIT,ETH,0.703295
1547189150,WITHDRAWAL,XRP,0.947221
1547189119,WITHDRAWAL,XRP,0.716288
1547189079,WITHDRAWAL,ETH,0.377813
1547189073,DEPOSIT,BTC,0.115009
1547188998,DEPOSIT,XRP,0.382467
1547188962,WITHDRAWAL,BTC,0.035459
1547188935,WITHDRAWAL,ETH,0.440334
1547188930,WITHDRAWAL,BTC,0.699634
1547188897,WITHDRAWAL,ETH,0.772817
1547188842,DEPOSIT,ETH,0.148516
1547188794,WITHDRAWAL,BTC,0.459664
1547188696,WITHDRAWAL,BTC,0.013546
1547188658,DEPOSIT,BTC,0.820924
1547188596,DEPOSIT,ETH,0.059435
1547188499,DEPOSIT,XRP,0.933377
1547188418,WITHDRAWAL,BTC,0.786195
1547188395,DEPOSIT,XRP,0.658682
1547188335,DEPOSIT,BTC,0.948942
1547188274,DEPOSIT,BTC,0.244362
1547188231,WITHDRAWAL,XRP,0.945385
1547188230,DEPOSIT,BTC,0.322581
1547188211,DEPOSIT,BTC,0.036524
1547188196,DEPOSIT,BTC,0.345736
1547188181,DEPOSIT,BTC,0.244637
1547188180,DEPOSIT,BTC,0.136768
1547188119,DEPOSIT,BTC,0.060944
1547188043,DEPOSIT,XRP,0.949123
1547187972,DEPOSIT,BTC,0.245059
1547187874,DEPOSIT,BTC,0.062472
1547187802,DEPOSIT,BTC,0.773200
1547187794,DEPOSIT,XRP,0.201884
1547187755,DEPOSIT,BTC,0.134308
1547187750,DEPOSIT,ETH,0.911742
1547187709,DEPOSIT,BTC,0.058195
1547187681,DEPOSIT,BTC,0.453292
1547187594,DEPOSIT,BTC,0.877955
1547187537,WITHDRAWAL,XRP,0.467749
1547187456,DEPOSIT,BTC,0.575006
1547187393,WITHDRAWAL,XRP,0.698916
1547187306,WITHDRAWAL,BTC,0.753621
1547187282,WITHDRAWAL,BTC,0.878294
1547187254,WITHDRAWAL,ETH,0.268429
1547187168,DEPOSIT,XRP,0.681726
1547187110,WITHDRAWAL,XRP,0.247817
1547187092,DEPOSIT,XRP,0.636637
1547187051,WITHDRAWAL,XRP,0.114501
1547186973,WITHDRAWAL,BTC,0.348479
1547186969,WITHDRAWAL,XRP,0.769459
1547186919,DEPOSIT,ETH,0.265066
1547186863,WITHDRAWAL,BTC,0.702721
1547186788,DEPOSIT,BTC,0.370509
1547186757,WITHDRAWAL,XRP,0.858028
1547186671,DEPOSIT,BTC,0.977648
1547186617,DEPOSIT,BTC,0.605730
1547186612,DEPOSIT,XRP,0.678568
1547186518,WITHDRAWAL,BTC,0.915547
1547186444,WITHDRAWAL,BTC,0.361924
1547186409,DEPOSIT,ETH,0.467527
1547186368,WITHDRAWAL,ETH,0.369285
1547186327,WITHDRAWAL,XRP,0.437319
1547186305,DEPOSIT,ETH,0.355369
1547186242,DEPOSIT,BTC,0.360457
1547186174,DEPOSIT,XRP,0.247733
1547186139,DEPOSIT,ETH,0.943943
1547186078,DEPOSIT,BTC,0.427891
1547185987,DEPOSIT,BTC,0.668416
1547185909,DEPOSIT,BTC,0.112745
1547185857,DEPOSIT,BTC,0.748072
1547185849,DEPOSIT,XRP,0.910512
1547185806,WITHDRAWAL,XRP,0.740179
1547185720,WITHDRAWAL,XRP,0.339723
1547185656,DEPOSIT,XRP,0.828057
1547185625,WITHDRAWAL,BTC,0.630329
1547185536,DEPOSIT,BTC,0.947374
1547185509,DEPOSIT,XRP,0.297002
1547185509,WITHDRAWAL,XRP,0.844320
1547185489,DEPOSIT,ETH,0.035709
1547185476,DEPOSIT,XRP,0.887391
1547185451,DEPOSIT,XRP,0.592565
1547185404,WITHDRAWAL,XRP,0.103669
1547185324,DEPOSIT,ETH,0.079118
1547185309,DEPOSIT,BTC,0.265650
1547185249,WITHDRAWAL,ETH,0.069426
1547185243,DEPOSIT,XRP,0.673758
1547185168,DEPOSIT,BTC,0.306811
1547185109,DEPOSIT,ETH,0.009912
1547185071,DEPOSIT,XRP,0.787432
1547184988,DEPOSIT,BTC,0.619093
1547184950,WITHDRAWAL,ETH,0.542460
1547184945,DEPOSIT,BTC,0.648598
1547184912,DEPOSIT,BTC,0.156761
1547184885,WITHDRAWAL,XRP,0.410868
1547184789,DEPOSIT,BTC,0.582208
1547184737,WITHDRAWAL,ETH,0.494349
1547184682,WITHDRAWAL,ETH,0.479647
1547184602,DEPOSIT,ETH,0.595017
1547184602,DEPOSIT,BTC,0.149243
1547184511,WITHDRAWAL,ETH,0.821979
1547184428,DEPOSIT,BTC,0.529590
1547184346,DEPOSIT,XRP,0.669097
1547184334,DEPOSIT,BTC,0.250812
1547184239,DEPOSIT,BTC,0.233361
1547184144,DEPOSIT,ETH,0.018599
1547184101,DEPOSIT,XRP,0.643658
1547184068,WITHDRAWAL,ETH,0.238637
1547184033,DEPOSIT,BTC,0.139383
1547184006,WITHDRAWAL,XRP,0.932420
1547183974,WITHDRAWAL,XRP,0.479776
1547183932,DEPOSIT,XRP,0.382285
1547183844,WITHDRAWAL,ETH,0.996316
1547183760,DEPOSIT,XRP,0.803732
1547183680,DEPOSIT,XRP,0.013459
1547183648,DEPOSIT,XRP,0.838053
1547183562,DEPOSIT,XRP,0.237260
1547183526,DEPOSIT,ETH,0.150076
1547183434,DEPOSIT,XRP,0.037759
1547183390,WITHDRAWAL,XRP,0.441923
1547183390,DEPOSIT,XRP,0.165570
1547183327,DEPOSIT,BTC,0.168447
1547183258,WITHDRAWAL,BTC,0.629382
1547183246,DEPOSIT,ETH,0.638300
1547183202,DEPOSIT,BTC,0.703123
1547183133,WITHDRAWAL,BTC,0.726401
1547183095,DEPOSIT,ETH,0.171201
1547183086,WITHDRAWAL,XRP,0.146708
1547183044,WITHDRAWAL,ETH,0.836832
1547182999,WITHDRAWAL,ETH,0.991884
1547182952,DEPOSIT,XRP,0.620150
1547182910,DEPOSIT,ETH,0.576637
1547182816,DEPOSIT,BTC,0.425032
1547182794,DEPOSIT,BTC,0.360679
1547182765,WITHDRAWAL,XRP,0.144803
1547182668,DEPOSIT,BTC,0.298232
1547182589,DEPOSIT,BTC,0.465687
1547182506,DEPOSIT,BTC,0.919509
1547182444,WITHDRAWAL,XRP,0.213335
1547182366,DEPOSIT,BTC,0.074971
1547182330,WITHDRAWAL,BTC,0.436964
1547182327,DEPOSIT,BTC,0.955083
1547182267,DEPOSIT,BTC,0.022228
1547182180,DEPOSIT,ETH,0.031170
1547182141,WITHDRAWAL,XRP,0.579698
1547182115,DEPOSIT,BTC,0.559860
1547182041,DEPOSIT,ETH,0.208722
1547182017,WITHDRAWAL,ETH,0.768796
1547181919,WITHDRAWAL,XRP,0.367644
1547181866,WITHDRAWAL,XRP,0.316672
1547181780,DEPOSIT,XRP,0.483320
1547181729,WITHDRAWAL,BTC,0.446485
1547181693,DEPOSIT,XRP,0.767295
1547181678,WITHDRAWAL,XRP,0.893738
1547181673,DEPOSIT,XRP,0.726793
1547181580,DEPOSIT,BTC,0.330792
1547181558,DEPOSIT,BTC,0.027653
1547181538,DEPOSIT,BTC,0.413932
1547181535,DEPOSIT,BTC,0.764827
1547181462,WITHDRAWAL,XRP,0.408092
1547181390,WITHDRAWAL,XRP,0.154835
1547181383,DEPOSIT,ETH,0.491050
1547181318,DEPOSIT,ETH,0.551121
1547181265,WITHDRAWAL,BTC,0.846794
1547181196,DEPOSIT,BTC,0.554272
1547181181,DEPOSIT,ETH,0.648027
1547181125,WITHDRAWAL,BTC,0.857987
1547181115,DEPOSIT,ETH,0.135715
1547181034,DEPOSIT,BTC,0.956389
1547180958,DEPOSIT,BTC,0.612924
1547180875,WITHDRAWAL,ETH,0.315214
1547180823,DEPOSIT,ETH,0.406560
1547180766,DEPOSIT,XRP,0.444499
1547180707,WITHDRAWAL,XRP,0.241315
1547180685,WITHDRAWAL,BTC,0.768722
1547180621,DEPOSIT,BTC,0.792824
1547180584,DEPOSIT,BTC,0.333736
1547180529,DEPOSIT,XRP,0.642142
1547180489,DEPOSIT,ETH,0.869883
1547180474,DEPOSIT,BTC,0.901571
1547180439,DEPOSIT,XRP,0.891025
1547180430,WITHDRAWAL,BTC,0.557656
1547180354,DEPOSIT,BTC,0.340255
1547180295,DEPOSIT,ETH,0.927875
1547180271,DEPOSIT,BTC,0.583662
1547180257,WITHDRAWAL,XRP,0.893555
1547180167,WITHDRAWAL,BTC,0.834457
1547180093,DEPOSIT,BTC,0.771635
1547180049,WITHDRAWAL,BTC,0.041156
1547179972,DEPOSIT,XRP,0.556010
1547179968,DEPOSIT,XRP,0.967554
1547179957,WITHDRAWAL,ETH,0.028197
1547179894,DEPOSIT,ETH,0.186266
1547179811,DEPOSIT,ETH,0.481392
1547179790,DEPOSIT,XRP,0.214885
1547179731,DEPOSIT,BTC,0.563196
1547179646,WITHDRAWAL,BTC,0.336315
1547179564,DEPOSIT,BTC,0.337293
1547179543,WITHDRAWAL,BTC,0.122777
1547179491,WITHDRAWAL,XRP,0.813086
1547179400,WITHDRAWAL,BTC,0.608794
1547179316,DEPOSIT,BTC,0.222731
1547179243,DEPOSIT,XRP,0.898795
1547179163,DEPOSIT,BTC,0.225396
1547179072,DEPOSIT,ETH,0.082576
1547178996,DEPOSIT,ETH,0.002144
1547178924,WITHDRAWAL,ETH,0.479479
1547178917,WITHDRAWAL,BTC,0.475779
1547178851,WITHDRAWAL,ETH,0.287918
1547178770,DEPOSIT,XRP,0.566429
1547178699,WITHDRAWAL,XRP,0.269152
1547178674,WITHDRAWAL,ETH,0.457782
1547178655,DEPOSIT,ETH,0.562968
1547178588,DEPOSIT,ETH,0.870648
1547178495,WITHDRAWAL,XRP,0.246134
1547178474,WITHDRAWAL,BTC,0.071337
1547178450,WITHDRAWAL,BTC,0.436089
1547178417,DEPOSIT,BTC,0.349992
1547178356,DEPOSIT,BTC,0.358975
1547178334,DEPOSIT,XRP,0.747873
1547178303,DEPOSIT,ETH,0.098757
1547178241,DEPOSIT,ETH,0.681221
1547178143,DEPOSIT,XRP,0.211099
1547178119,WITHDRAWAL,BTC,0.205875
1547178046,DEPOSIT,BTC,0.877039
1547177964,DEPOSIT,ETH,0.955214
1547177961,DEPOSIT,ETH,0.902116
1547177920,WITHDRAWAL,XRP,0.754970
1547177896,WITHDRAWAL,XRP,0.020053
1547177813,WITHDRAWAL,ETH,0.423652
1547177765,WITHDRAWAL,XRP,0.086021
1547177669,WITHDRAWAL,XRP,0.112170
1547177634,DEPOSIT,XRP,0.336517
1547177604,WITHDRAWAL,ETH,0.422610
1547177550,DEPOSIT,BTC,0.723441
1547177537,DEPOSIT,ETH,0.601511
1547177447,WITHDRAWAL,BTC,0.670953
1547177435,DEPOSIT,XRP,0.395371
1547177406,DEPOSIT,XRP,0.805055
1547177321,DEPOSIT,XRP,0.020604
1547177251,DEPOSIT,BTC,0.843339
1547177243,DEPOSIT,BTC,0.886119
1547177181,DEPOSIT,BTC,0.481576
1547177158,WITHDRAWAL,XRP,0.086243
1547177118,DEPOSIT,BTC,0.638654
1547177084,WITHDRAWAL,XRP,0.307754
1547177039,DEPOSIT,ETH,0.530614
1547176945,WITHDRAWAL,XRP,0.397949
1547176881,DEPOSIT,XRP,0.598209
1547176862,DEPOSIT,XRP,0.061590
1547176780,WITHDRAWAL,ETH,0.559741
1547176682,WITHDRAWAL,ETH,0.381526
1547176636,DEPOSIT,ETH,0.886789
1547176541,WITHDRAWAL,XRP,0.525268
1547176484,DEPOSIT,ETH,0.858904
1547176413,DEPOSIT,BTC,0.332626
1547176343,WITHDRAWAL,XRP,0.086536
1547176312,WITHDRAWAL,XRP,0.701487
1547176299,WITHDRAWAL,ETH,0.483511
1547176223,DEPOSIT,XRP,0.587724
1547176171,DEPOSIT,XRP,0.025133
1547176119,DEPOSIT,ETH,0.555926
1547176050,WITHDRAWAL,XRP,0.170357
1547175963,DEPOSIT,BTC,0.694436
1547175929,WITHDRAWAL,ETH,0.278386
1547175840,WITHDRAWAL,XRP,0.602130
1547175806,DEPOSIT,ETH,0.295840
1547175789,DEPOSIT,BTC,0.289679
1547175691,DEPOSIT,BTC,0.842325
1547175637,DEPOSIT,ETH,0.491525
1547175580,DEPOSIT,BTC,0.995252
1547175535,WITHDRAWAL,BTC,0.870730
1547175454,DEPOSIT,ETH,0.631981
1547175399,DEPOSIT,ETH,0.709019
1547175398,DEPOSIT,BTC,0.810604
1547175383,DEPOSIT,ETH,0.861289
1547175364,WITHDRAWAL,XRP,0.594644
1547175353,WITHDRAWAL,BTC,0.368969
1547175318,WITHDRAWAL,BTC,0.159900
1547175271,DEPOSIT,XRP,0.861344
1547175202,WITHDRAWAL,BTC,0.591440
1547175123,DEPOSIT,ETH,0.247694
1547175112,DEPOSIT,BTC,0.826037
1547175069,WITHDRAWAL,XRP,0.600759
1547175033,DEPOSIT,XRP,0.858508
1547174940,WITHDRAWAL,XRP,0.010955
1547174860,DEPOSIT,ETH,0.046266
1547174839,WITHDRAWAL,BTC,0.609657
1547174770,DEPOSIT,BTC,0.224875
1547174742,DEPOSIT,ETH,0.696320
1547174703,DEPOSIT,XRP,0.496650
1547174616,DEPOSIT,BTC,0.727846
1547174600,DEPOSIT,BTC,0.785097
1547174573,DEPOSIT,BTC,0.231265
1547174485,DEPOSIT,ETH,0.651169
1547174387,DEPOSIT,BTC,0.199793
1547174356,DEPOSIT,XRP,0.776295
1547174337,WITHDRAWAL,BTC,0.248457
1547174328,WITHDRAWAL,ETH,0.508517
1547174287,WITHDRAWAL,BTC,0.626369
1547174191,WITHDRAWAL,ETH,0.875614
1547174105,DEPOSIT,ETH,0.283389
1547174043,DEPOSIT,XRP,0.177794
1547174040,DEPOSIT,ETH,0.277620
1547173984,WITHDRAWAL,ETH,0.088817
1547173922,DEPOSIT,XRP,0.108647
1547173892,DEPOSIT,BTC,0.574470
1547173864,DEPOSIT,ETH,0.673074
1547173767,DEPOSIT,ETH,0.017511
1547173739,DEPOSIT,ETH,0.125134
1547173667,DEPOSIT,ETH,0.905909
1547173635,WITHDRAWAL,BTC,0.310958
1547173588,DEPOSIT,ETH,0.369714
1547173503,WITHDRAWAL,XRP,0.773285
1547173445,DEPOSIT,BTC,0.125438
1547173361,WITHDRAWAL,BTC,0.623920
1547173301,DEPOSIT,BTC,0.951736
1547173284,WITHDRAWAL,XRP,0.436431
1547173193,DEPOSIT,XRP,0.648965
1547173120,WITHDRAWAL,BTC,0.596166
1547173090,DEPOSIT,XRP,0.914969
1547173058,DEPOSIT,ETH,0.506615
1547172983,WITHDRAWAL,BTC,0.966616
1547172968,WITHDRAWAL,XRP,0.970749
1547172940,DEPOSIT,XRP,0.155010
1547172883,DEPOSIT,XRP,0.294009
1547172880,WITHDRAWAL,BTC,0.195531
1547172852,DEPOSIT,XRP,0.072915
1547172794,WITHDRAWAL,BTC,0.089842
1547172712,WITHDRAWAL,BTC,0.618958
1547172684,DEPOSIT,BTC,0.917704
1547172588,WITHDRAWAL,ETH,0.534696
1547172528,WITHDRAWAL,BTC,0.704607
1547172519,DEPOSIT,ETH,0.340426
1547172455,WITHDRAWAL,XRP,0.766130
1547172407,DEPOSIT,BTC,0.116030
1547172363,DEPOSIT,XRP,0.135016
1547172352,DEPOSIT,BTC,0.611031
1547172301,WITHDRAWAL,BTC,0.963529
1547172274,WITHDRAWAL,BTC,0.203087
1547172259,DEPOSIT,BTC,0.570328
1547172227,DEPOSIT,XRP,0.671046
1547172149,WITHDRAWAL,ETH,0.039901
1547172127,DEPOSIT,XRP,0.806791
1547172056,WITHDRAWAL,BTC,0.197013
1547171976,DEPOSIT,ETH,0.855651
1547171960,DEPOSIT,XRP,0.376002
1547171899,DEPOSIT,XRP,0.323156
1547171868,DEPOSIT,BTC,0.617147
1547171784,DEPOSIT,XRP,0.976200
1547171700,DEPOSIT,ETH,0.736507
1547171666,WITHDRAWAL,ETH,0.312574
1547171634,DEPOSIT,BTC,0.930140
1547171604,DEPOSIT,XRP,0.634915
1547171538,WITHDRAWAL,BTC,0.015369
1547171522,DEPOSIT,ETH,0.019511
1547171459,WITHDRAWAL,XRP,0.923941
1547171393,DEPOSIT,BTC,0.543648
1547171334,WITHDRAWAL,ETH,0.309113
1547171334,WITHDRAWAL,ETH,0.708219
1547171252,DEPOSIT,BTC,0.342793
1547171215,DEPOSIT,ETH,0.343574
1547171176,DEPOSIT,BTC,0.463881
1547171132,WITHDRAWAL,BTC,0.982531
1547171087,DEPOSIT,XRP,0.519594
1547171039,DEPOSIT,BTC,0.444627
1547171038,DEPOSIT,ETH,0.109134
1547171028,DEPOSIT,ETH,0.820702
1547170980,DEPOSIT,ETH,0.927196
1547170920,DEPOSIT,ETH,0.423916
1547170845,WITHDRAWAL,ETH,0.498151
1547170772,DEPOSIT,ETH,0.083307
1547170680,DEPOSIT,ETH,0.241383
1547170599,DEPOSIT,BTC,0.871295
1547170547,WITHDRAWAL,ETH,0.223665
1547170454,DEPOSIT,ETH,0.478559
1547170451,DEPOSIT,ETH,0.918376
1547170352,DEPOSIT,BTC,0.026146
1547170265,WITHDRAWAL,BTC,0.555446
1547170220,WITHDRAWAL,ETH,0.470683
1547170123,WITHDRAWAL,ETH,0.184022
1547170055,DEPOSIT,XRP,0.530714
1547170032,DEPOSIT,ETH,0.581018
1547169965,WITHDRAWAL,XRP,0.479949
1547169872,DEPOSIT,BTC,0.166402
1547169796,WITHDRAWAL,ETH,0.808871
1547169706,DEPOSIT,BTC,0.872221
1547169664,DEPOSIT,XRP,0.149338
1547169654,WITHDRAWAL,BTC,0.780380
1547169556,WITHDRAWAL,BTC,0.172632
1547169503,WITHDRAWAL,BTC,0.772742
1547169485,WITHDRAWAL,XRP,0.195660
1547169404,DEPOSIT,BTC,0.597664
1547169386,DEPOSIT,XRP,0.159804
1547169323,DEPOSIT,ETH,0.342025
1547169285,DEPOSIT,ETH,0.924233
1547169261,DEPOSIT,XRP,0.372810
1547169175,DEPOSIT,BTC,0.972101
1547169094,DEPOSIT,ETH,0.532064
1547169028,WITHDRAWAL,BTC,0.471543
1547168992,DEPOSIT,XRP,0.384440
1547168956,WITHDRAWAL,XRP,0.395136
1547168946,WITHDRAWAL,ETH,0.961451
1547168859,DEPOSIT,ETH,0.531296
1547168854,WITHDRAWAL,BTC,0.018834
1547168781,WITHDRAWAL,BTC,0.861466
1547168769,WITHDRAWAL,BTC,0.344275
1547168711,WITHDRAWAL,ETH,0.380945
1547168650,DEPOSIT,BTC,0.663506
1547168634,WITHDRAWAL,ETH,0.246920
1547168618,DEPOSIT,BTC,0.314057
1547168563,WITHDRAWAL,BTC,0.902726
1547168491,DEPOSIT,ETH,0.730317
1547168482,DEPOSIT,XRP,0.733097
1547168446,DEPOSIT,XRP,0.182514
1547168416,DEPOSIT,BTC,0.930763
1547168373,DEPOSIT,BTC,0.247878
1547168369,DEPOSIT,XRP,0.656560
1547168343,DEPOSIT,XRP,0.743175
1547168341,WITHDRAWAL,XRP,0.782284
1547168285,WITHDRAWAL,BTC,0.551142
1547168186,DEPOSIT,BTC,0.061159
1547168116,WITHDRAWAL,BTC,0.100106
1547168090,WITHDRAWAL,XRP,0.804564
1547168023,DEPOSIT,XRP,0.488337
1547167953,DEPOSIT,BTC,0.800393
1547167868,DEPOSIT,BTC,0.658715
1547167836,DEPOSIT,XRP,0.437118
1547167800,WITHDRAWAL,XRP,0.517171
1547167710,DEPOSIT,ETH,0.359688
1547167695,DEPOSIT,XRP,0.689971
1547167622,DEPOSIT,BTC,0.035331
1547167545,DEPOSIT,ETH,0.845501
1547167476,WITHDRAWAL,BTC,0.531283
1547167400,DEPOSIT,BTC,0.234630
1547167336,DEPOSIT,XRP,0.987271
1547167280,DEPOSIT,ETH,0.393280
1547167261,DEPOSIT,BTC,0.077920
1547167260,WITHDRAWAL,ETH,0.824719
1547167200,DEPOSIT,ETH,0.606343
1547167177,DEPOSIT,ETH,0.928063
1547167152,DEPOSIT,XRP,0.401930
1547167108,DEPOSIT,XRP,0.175990
1547167069,DEPOSIT,XRP,0.284610
1547167025,DEPOSIT,ETH,0.028141
1547166938,DEPOSIT,ETH,0.466458
1547166876,WITHDRAWAL,ETH,0.158586
1547166799,WITHDRAWAL,XRP,0.315621
1547166706,DEPOSIT,BTC,0.049416
1547166624,WITHDRAWAL,ETH,0.874899
1547166593,DEPOSIT,ETH,0.932739
1547166539,DEPOSIT,BTC,0.608549
1547166451,DEPOSIT,XRP,0.710185
1547166428,DEPOSIT,ETH,0.193497
1547166367,WITHDRAWAL,BTC,0.675947
1547166285,DEPOSIT,BTC,0.290374
1547166250,WITHDRAWAL,XRP,0.671579
1547166204,DEPOSIT,BTC,0.184599
1547166186,WITHDRAWAL,ETH,0.527867
1547166095,DEPOSIT,XRP,0.408380
1547166081,DEPOSIT,XRP,0.407354
1547166076,WITHDRAWAL,BTC,0.246537
1547166022,DEPOSIT,ETH,0.867285
1547165947,DEPOSIT,BTC,0.283012
1547165925,WITHDRAWAL,ETH,0.446392
1547165842,DEPOSIT,XRP,0.251505
1547165804,WITHDRAWAL,XRP,0.464558
1547165729,WITHDRAWAL,XRP,0.403952
1547165689,DEPOSIT,BTC,0.903989
1547165641,WITHDRAWAL,BTC,0.480925
1547165604,WITHDRAWAL,ETH,0.948908
1547165540,WITHDRAWAL,BTC,0.393400
1547165530,DEPOSIT,BTC,0.304263
1547165435,WITHDRAWAL,XRP,0.693184
1547165426,WITHDRAWAL,ETH,0.720968
1547165372,WITHDRAWAL,BTC,0.296939
1547165309,DEPOSIT,ETH,0.593562
1547165285,DEPOSIT,XRP,0.990972
1547165229,DEPOSIT,XRP,0.149004
1547165201,DEPOSIT,XRP,0.544124
1547165180,DEPOSIT,ETH,0.069696
1547165164,DEPOSIT,BTC,0.214166
1547165115,WITHDRAWAL,BTC,0.834345
1547165056,DEPOSIT,BTC,0.208535
1547165046,WITHDRAWAL,XRP,0.848206
1547164990,WITHDRAWAL,ETH,0.710204
1547164906,WITHDRAWAL,XRP,0.523602
1547164851,WITHDRAWAL,XRP,0.608390
1547164767,WITHDRAWAL,XRP,0.672659
1547164758,WITHDRAWAL,XRP,0.054748
1547164756,WITHDRAWAL,XRP,0.490892
1547164677,WITHDRAWAL,XRP,0.130984
1547164623,DEPOSIT,BTC,0.877536
1547164540,WITHDRAWAL,ETH,0.971763
1547164441,WITHDRAWAL,BTC,0.774558
1547164419,WITHDRAWAL,BTC,0.567917
1547164353,DEPOSIT,ETH,0.230791
1547164272,DEPOSIT,BTC,0.416853
1547164188,DEPOSIT,BTC,0.820013
1547164123,WITHDRAWAL,XRP,0.779151
1547164081,DEPOSIT,BTC,0.064855
1547163992,WITHDRAWAL,XRP,0.886317
1547163931,WITHDRAWAL,BTC,0.922642
1547163903,WITHDRAWAL,BTC,0.502742
1547163820,DEPOSIT,BTC,0.486774
1547163747,WITHDRAWAL,ETH,0.065702
1547163731,DEPOSIT,BTC,0.841146
1547163727,DEPOSIT,ETH,0.818742
1547163700,DEPOSIT,XRP,0.977602
1547163661,WITHDRAWAL,ETH,0.650383
1547163633,DEPOSIT,ETH,0.034343
1547163620,DEPOSIT,XRP,0.538999
1547163570,DEPOSIT,BTC,0.152404
1547163535,WITHDRAWAL,XRP,0.881707
1547163461,DEPOSIT,XRP,0.719641
1547163447,WITHDRAWAL,BTC,0.146706
1547163432,WITHDRAWAL,XRP,0.786677
1547163345,WITHDRAWAL,ETH,0.815285
1547163343,WITHDRAWAL,XRP,0.519484
1547163265,DEPOSIT,BTC,0.591097
1547163179,WITHDRAWAL,XRP,0.484678
1547163154,WITHDRAWAL,ETH,0.045257
1547163101,DEPOSIT,BTC,0.627846
1547163003,DEPOSIT,BTC,0.822609
1547162921,WITHDRAWAL,BTC,0.605283
1547162896,DEPOSIT,XRP,0.041627
1547162886,DEPOSIT,XRP,0.161718
1547162807,DEPOSIT,BTC,0.600872
1547162720,DEPOSIT,XRP,0.958054
1547162698,DEPOSIT,BTC,0.794075
1547162672,WITHDRAWAL,ETH,0.162387
1547162611,DEPOSIT,ETH,0.343616
1547162574,DEPOSIT,XRP,0.108209
1547162511,DEPOSIT,XRP,0.623436
1547162449,DEPOSIT,BTC,0.300785
1547162411,DEPOSIT,BTC,0.090366
1547162391,WITHDRAWAL,BTC,0.048914
1547162306,DEPOSIT,XRP,0.837087
1547162230,WITHDRAWAL,ETH,0.235690
1547162221,DEPOSIT,BTC,0.677739
1547162173,DEPOSIT,BTC,0.313019
1547162150,DEPOSIT,XRP,0.970984
1547162058,WITHDRAWAL,ETH,0.332175
1547161995,WITHDRAWAL,XRP,0.187350
1547161934,WITHDRAWAL,BTC,0.551705
1547161871,DEPOSIT,XRP,0.923661
1547161848,DEPOSIT,XRP,0.620971
1547161768,DEPOSIT,BTC,0.733331
1547161688,DEPOSIT,XRP,0.924124
1547161636,WITHDRAWAL,XRP,0.966575
1547161591,DEPOSIT,XRP,0.287272
1547161586,WITHDRAWAL,XRP,0.011363
1547161552,WITHDRAWAL,ETH,0.246952
1547161457,WITHDRAWAL,BTC,0.771405
1547161384,WITHDRAWAL,BTC,0.277513
1547161293,DEPOSIT,BTC,0.813056
1547161291,WITHDRAWAL,BTC,0.942580
1547161221,DEPOSIT,BTC,0.591886
1547161197,DEPOSIT,ETH,0.946536
1547161123,WITHDRAWAL,ETH,0.771778
1547161103,WITHDRAWAL,ETH,0.658951
1547161066,DEPOSIT,BTC,0.008480
1547161025,DEPOSIT,XRP,0.023675
1547160989,DEPOSIT,BTC,0.461524
1547160948,DEPOSIT,ETH,0.042012
1547160946,DEPOSIT,XRP,0.856614
1547160871,DEPOSIT,BTC,0.545092
1547160863,WITHDRAWAL,XRP,0.557640
1547160821,WITHDRAWAL,ETH,0.179906
1547160780,DEPOSIT,ETH,0.152541
1547160769,WITHDRAWAL,BTC,0.006131
1547160679,DEPOSIT,XRP,0.858002
1547160616,WITHDRAWAL,XRP,0.117544
1547160588,DEPOSIT,BTC,0.930691
1547160499,DEPOSIT,BTC,0.189018
1547160427,DEPOSIT,XRP,0.300537
1547160342,DEPOSIT,BTC,0.256950
1547160261,WITHDRAWAL,BTC,0.522994
1547160177,WITHDRAWAL,XRP,0.612976
1547160088,DEPOSIT,ETH,0.544040
1547160004,WITHDRAWAL,ETH,0.368717
1547159932,DEPOSIT,XRP,0.009455
1547159834,DEPOSIT,ETH,0.380060
1547159834,DEPOSIT,XRP,0.623352
1547159751,DEPOSIT,ETH,0.499948
1547159683,DEPOSIT,ETH,0.245087
1547159618,WITHDRAWAL,XRP,0.145367
1547159592,DEPOSIT,ETH,0.115892
1547159549,WITHDRAWAL,XRP,0.810287
1547159482,WITHDRAWAL,BTC,0.567695
1547159390,DEPOSIT,XRP,0.394423
1547159360,DEPOSIT,BTC,0.576697
1547159314,WITHDRAWAL,XRP,0.363504
1547159256,DEPOSIT,ETH,0.594245
1547159192,DEPOSIT,XRP,0.387739
1547159136,DEPOSIT,ETH,0.376273
1547159124,WITHDRAWAL,BTC,0.409563
1547159093,DEPOSIT,XRP,0.005355
1547159027,DEPOSIT,ETH,0.378516
1547159022,WITHDRAWAL,ETH,0.618083
1547159021,WITHDRAWAL,XRP,0.395282
1547158965,DEPOSIT,ETH,0.666906
1547158904,DEPOSIT,BTC,0.935141
1547158853,WITHDRAWAL,ETH,0.828386
1547158828,DEPOSIT,XRP,0.099601
1547158786,DEPOSIT,ETH,0.711642
1547158726,DEPOSIT,BTC,0.460755
1547158679,DEPOSIT,XRP,0.086186
1547158651,WITHDRAWAL,ETH,0.670869
1547158614,WITHDRAWAL,XRP,0.681830
1547158526,DEPOSIT,XRP,0.871960
1547158520,DEPOSIT,XRP,0.371912
1547158446,DEPOSIT,ETH,0.902461
1547158411,DEPOSIT,ETH,0.471121
1547158376,DEPOSIT,XRP,0.121459
1547158298,DEPOSIT,XRP,0.069902
1547158209,DEPOSIT,BTC,0.723675
1547158154,DEPOSIT,BTC,0.867819
1547158116,DEPOSIT,XRP,0.778173
1547158093,DEPOSIT,XRP,0.379996
1547158035,DEPOSIT,BTC,0.361506
1547157949,WITHDRAWAL,ETH,0.875502
1547157913,WITHDRAWAL,BTC,0.440170
1547157892,DEPOSIT,BTC,0.315995
1547157860,DEPOSIT,BTC,0.645584
1547157848,WITHDRAWAL,XRP,0.998491
1547157786,DEPOSIT,XRP,0.625602
1547157770,WITHDRAWAL,ETH,0.634949
1547157701,DEPOSIT,ETH,0.284540
1547157630,DEPOSIT,BTC,0.781649
1547157560,DEPOSIT,XRP,0.515598
1547157505,WITHDRAWAL,BTC,0.464380
1547157460,DEPOSIT,BTC,0.939767
1547157410,DEPOSIT,BTC,0.238675
1547157317,WITHDRAWAL,ETH,0.984277
1547157301,DEPOSIT,ETH,0.992416
1547157256,DEPOSIT,BTC,0.571036
1547157245,WITHDRAWAL,BTC,0.971144
1547157218,WITHDRAWAL,BTC,0.107066
1547157162,WITHDRAWAL,BTC,0.907121
1547157106,DEPOSIT,XRP,0.684040
1547157011,DEPOSIT,BTC,0.596941
1547156915,DEPOSIT,BTC,0.377667
1547156829,WITHDRAWAL,BTC,0.225305
1547156801,WITHDRAWAL,BTC,0.852719
1547156735,DEPOSIT,BTC,0.297982
1547156673,WITHDRAWAL,ETH,0.801840
1547156580,WITHDRAWAL,XRP,0.160726
1547156515,WITHDRAWAL,XRP,0.063509
1547156449,DEPOSIT,BTC,0.359477
1547156395,DEPOSIT,ETH,0.496609
1547156346,WITHDRAWAL,ETH,0.710250
1547156309,WITHDRAWAL,BTC,0.417892
1547156253,WITHDRAWAL,ETH,0.702525
1547156165,DEPOSIT,BTC,0.086395
1547156165,WITHDRAWAL,ETH,0.317966
1547156071,DEPOSIT,ETH,0.695468
1547155988,WITHDRAWAL,BTC,0.135968
1547155952,WITHDRAWAL,BTC,0.681551
1547155948,DEPOSIT,ETH,0.317264
1547155893,DEPOSIT,ETH,0.294761
1547155822,DEPOSIT,ETH,0.151971
1547155793,DEPOSIT,ETH,0.483176
1547155725,DEPOSIT,BTC,0.932301
1547155638,DEPOSIT,XRP,0.432359
1547155567,WITHDRAWAL,BTC,0.866766
1547155559,DEPOSIT,ETH,0.043497
1547155507,WITHDRAWAL,BTC,0.637784
1547155468,DEPOSIT,XRP,0.610928
1547155456,WITHDRAWAL,ETH,0.694403
1547155438,DEPOSIT,XRP,0.024984
1547155352,WITHDRAWAL,ETH,0.031516
1547155349,DEPOSIT,XRP,0.852454
1547155279,DEPOSIT,ETH,0.823825
1547155238,DEPOSIT,ETH,0.504535
1547155205,WITHDRAWAL,XRP,0.190010
1547155123,DEPOSIT,XRP,0.875475
1547155065,DEPOSIT,BTC,0.378967
1547155018,DEPOSIT,ETH,0.833829
1547154980,DEPOSIT,BTC,0.105399
1547154888,DEPOSIT,XRP,0.755708
1547154832,DEPOSIT,XRP,0.807171
1547154817,WITHDRAWAL,XRP,0.099505
1547154817,DEPOSIT,XRP,0.812401
1547154778,DEPOSIT,BTC,0.812515
1547154774,DEPOSIT,BTC,0.775090
1547154713,WITHDRAWAL,BTC,0.310204
1547154620,DEPOSIT,ETH,0.332776
1547154599,DEPOSIT,ETH,0.855131
1547154539,DEPOSIT,XRP,0.763427
1547154514,DEPOSIT,ETH,0.002655
1547154481,WITHDRAWAL,BTC,0.831207
1547154382,WITHDRAWAL,BTC,0.569234
1547154344,WITHDRAWAL,BTC,0.737114
1547154265,WITHDRAWAL,BTC,0.139041
1547154217,WITHDRAWAL,XRP,0.386210
1547154197,WITHDRAWAL,ETH,0.715372
1547154147,DEPOSIT,BTC,0.237234
1547154108,DEPOSIT,ETH,0.497906
1547154105,WITHDRAWAL,BTC,0.361176
1547154014,WITHDRAWAL,ETH,0.788095
1547153965,DEPOSIT,BTC,0.008672
1547153935,DEPOSIT,XRP,0.666047
1547153900,WITHDRAWAL,XRP,0.952869
1547153837,DEPOSIT,ETH,0.345036
1547153757,WITHDRAWAL,BTC,0.062159
1547153722,WITHDRAWAL,BTC,0.879380
1547153702,DEPOSIT,ETH,0.205957
1547153657,WITHDRAWAL,BTC,0.007849
1547153573,WITHDRAWAL,XRP,0.950298
1547153474,WITHDRAWAL,ETH,0.502222
1547153433,DEPOSIT,XRP,0.533950
1547153394,WITHDRAWAL,ETH,0.425387
1547153361,DEPOSIT,ETH,0.112224
1547153291,WITHDRAWAL,ETH,0.218362
1547153201,DEPOSIT,ETH,0.497084
1547153172,WITHDRAWAL,ETH,0.545558
1547153139,WITHDRAWAL,ETH,0.034031
1547153052,DEPOSIT,XRP,0.151386
1547152986,DEPOSIT,BTC,0.966766
1547152887,DEPOSIT,BTC,0.016523
1547152853,WITHDRAWAL,BTC,0.480993
1547152760,DEPOSIT,XRP,0.619929
1547152744,WITHDRAWAL,XRP,0.543922
1547152663,WITHDRAWAL,BTC,0.000063
1547152624,WITHDRAWAL,BTC,0.155523
1547152535,DEPOSIT,ETH,0.887532
1547152532,DEPOSIT,BTC,0.026639
1547152433,DEPOSIT,XRP,0.229285
1547152382,WITHDRAWAL,XRP,0.969499
1547152368,DEPOSIT,XRP,0.221395
1547152305,DEPOSIT,BTC,0.585338
1547152245,WITHDRAWAL,ETH,0.259478
1547152191,DEPOSIT,BTC,0.675711
1547152186,DEPOSIT,ETH,0.261463
1547152119,WITHDRAWAL,XRP,0.894134
1547152063,DEPOSIT,ETH,0.612998
1547152024,DEPOSIT,BTC,0.388628
1547152002,DEPOSIT,XRP,0.932389
1547151905,DEPOSIT,ETH,0.198146
1547151810,WITHDRAWAL,ETH,0.153799
1547151758,DEPOSIT,BTC,0.159995
1547151745,DEPOSIT,XRP,0.466428
1547151668,DEPOSIT,XRP,0.920676
1547151651,WITHDRAWAL,BTC,0.325476
1547151619,DEPOSIT,ETH,0.293862
1547151615,WITHDRAWAL,ETH,0.633252
1547151566,DEPOSIT,BTC,0.315140
1547151511,DEPOSIT,BTC,0.241158
1547151484,DEPOSIT,BTC,0.911626
1547151464,DEPOSIT,BTC,0.096626
1547151392,DEPOSIT,BTC,0.065034
1547151318,DEPOSIT,ETH,0.007133
1547151262,WITHDRAWAL,XRP,0.849847
1547151229,DEPOSIT,BTC,0.665649
1547151179,DEPOSIT,XRP,0.046966
1547151174,DEPOSIT,BTC,0.675807
1547151108,DEPOSIT,XRP,0.182687
1547151014,DEPOSIT,ETH,0.907661
1547151004,WITHDRAWAL,XRP,0.002596
1547150959,DEPOSIT,BTC,0.476554
1547150923,DEPOSIT,BTC,0.528065
1547150882,DEPOSIT,XRP,0.431322
1547150788,WITHDRAWAL,XRP,0.154356
1547150786,DEPOSIT,XRP,0.358798
1547150739,WITHDRAWAL,BTC,0.304515
1547150695,DEPOSIT,BTC,0.016650
1547150630,DEPOSIT,XRP,0.876716
1547150544,DEPOSIT,BTC,0.933515
1547150525,WITHDRAWAL,BTC,0.210696
1547150440,WITHDRAWAL,BTC,0.465932
1547150391,DEPOSIT,XRP,0.347927
1547150323,WITHDRAWAL,ETH,0.880908
1547150321,WITHDRAWAL,ETH,0.259393
1547150275,DEPOSIT,XRP,0.269453
1547150271,WITHDRAWAL,ETH,0.952162
1547150238,WITHDRAWAL,BTC,0.790975
1547150212,DEPOSIT,XRP,0.713050
1547150190,DEPOSIT,XRP,0.937425
1547150151,DEPOSIT,BTC,0.575389
1547150132,WITHDRAWAL,XRP,0.326662
1547150080,WITHDRAWAL,BTC,0.678154
1547150010,DEPOSIT,BTC,0.386513
1547149943,DEPOSIT,BTC,0.318756
1547149869,DEPOSIT,XRP,0.525491
1547149857,DEPOSIT,ETH,0.216767
1547149773,DEPOSIT,XRP,0.617454
1547149723,DEPOSIT,BTC,0.913633
1547149654,WITHDRAWAL,ETH,0.699618
1547149600,DEPOSIT,XRP,0.100120
1547149501,WITHDRAWAL,BTC,0.403878
1547149437,DEPOSIT,XRP,0.660583
1547149415,WITHDRAWAL,ETH,0.469151
1547149333,DEPOSIT,BTC,0.377921
1547149322,WITHDRAWAL,ETH,0.567439
1547149318,DEPOSIT,ETH,0.335625
1547149229,DEPOSIT,ETH,0.775038
1547149163,WITHDRAWAL,BTC,0.421393
1547149115,DEPOSIT,ETH,0.765461
1547149086,DEPOSIT,BTC,0.233942
1547149011,DEPOSIT,XRP,0.039740
1547148977,DEPOSIT,BTC,0.551175
1547148905,WITHDRAWAL,XRP,0.432740
1547148852,WITHDRAWAL,XRP,0.576899
1547148834,DEPOSIT,BTC,0.794012
1547148814,DEPOSIT,XRP,0.700250
1547148721,DEPOSIT,BTC,0.033684
1547148655,DEPOSIT,XRP,0.903898
1547148654,DEPOSIT,XRP,0.404055
1547148647,DEPOSIT,BTC,0.828848
1547148564,WITHDRAWAL,XRP,0.255383
1547148503,WITHDRAWAL,BTC,0.428076
1547148457,WITHDRAWAL,BTC,0.740428
1547148375,DEPOSIT,ETH,0.598105
1547148324,WITHDRAWAL,BTC,0.762037
1547148291,DEPOSIT,ETH,0.232041
1547148255,WITHDRAWAL,ETH,0.583447
1547148230,DEPOSIT,XRP,0.455540
1547148200,WITHDRAWAL,XRP,0.659693
1547148146,WITHDRAWAL,BTC,0.396141
1547148093,WITHDRAWAL,BTC,0.674766
1547148070,DEPOSIT,ETH,0.635653
1547148050,DEPOSIT,BTC,0.325377
1547147963,DEPOSIT,XRP,0.127353
1547147939,WITHDRAWAL,XRP,0.061924
1547147881,DEPOSIT,XRP,0.712732
1547147785,DEPOSIT,XRP,0.661746
1547147731,DEPOSIT,BTC,0.796259
1547147729,WITHDRAWAL,ETH,0.081401
1547147729,WITHDRAWAL,XRP,0.111750
1547147722,DEPOSIT,XRP,0.743527
1547147688,DEPOSIT,XRP,0.769115
1547147634,DEPOSIT,ETH,0.975337
1547147556,WITHDRAWAL,BTC,0.506141
1547147550,DEPOSIT,ETH,0.577433
1547147507,DEPOSIT,BTC,0.977189
1547147449,DEPOSIT,BTC,0.141629
1547147416,DEPOSIT,BTC,0.022004
1547147389,DEPOSIT,XRP,0.865970
1547147299,DEPOSIT,BTC,0.243284
1547147226,WITHDRAWAL,BTC,0.837809
1547147211,WITHDRAWAL,XRP,0.901808
1547147188,DEPOSIT,XRP,0.167012
1547147144,DEPOSIT,ETH,0.416620
1547147084,DEPOSIT,BTC,0.088138
1547147015,WITHDRAWAL,XRP,0.960878
1547146960,DEPOSIT,XRP,0.182042
1547146956,WITHDRAWAL,BTC,0.263185
1547146866,WITHDRAWAL,BTC,0.235058
1547146819,DEPOSIT,XRP,0.885515
1547146761,DEPOSIT,XRP,0.968295
1547146670,DEPOSIT,XRP,0.787930
1547146623,DEPOSIT,BTC,0.785663
1547146566,DEPOSIT,XRP,0.471071
1547146561,DEPOSIT,XRP,0.296011
1547146514,WITHDRAWAL,BTC,0.367798
1547146465,DEPOSIT,XRP,0.551683
1547146380,WITHDRAWAL,BTC,0.775559
1547146375,DEPOSIT,BTC,0.418412
1547146280,DEPOSIT,BTC,0.380172
1547146258,DEPOSIT,ETH,0.757526
1547146222,DEPOSIT,XRP,0.888899
1547146200,DEPOSIT,BTC,0.384047
1547146125,DEPOSIT,XRP,0.521718
1547146048,DEPOSIT,BTC,0.195991
1547145992,DEPOSIT,BTC,0.844122
1547145929,WITHDRAWAL,BTC,0.511694
1547145860,WITHDRAWAL,XRP,0.026212
1547145782,DEPOSIT,BTC,0.298587
1547145756,WITHDRAWAL,ETH,0.088593
1547145660,DEPOSIT,XRP,0.174614
1547145572,DEPOSIT,XRP,0.896654
1547145558,DEPOSIT,BTC,0.729522
1547145554,DEPOSIT,BTC,0.348797
1547145549,DEPOSIT,XRP,0.344004
1547145463,DEPOSIT,XRP,0.764469
1547145411,WITHDRAWAL,XRP,0.764058
1547145375,DEPOSIT,XRP,0.289795
1547145365,DEPOSIT,XRP,0.049459
1547145271,WITHDRAWAL,ETH,0.555858
1547145263,DEPOSIT,BTC,0.488428
1547145210,DEPOSIT,XRP,0.356797
1547145206,DEPOSIT,XRP,0.427034
1547145196,WITHDRAWAL,XRP,0.020330
1547145102,DEPOSIT,ETH,0.397353
1547145093,DEPOSIT,BTC,0.580759
1547145042,DEPOSIT,BTC,0.667722
1547145032,DEPOSIT,BTC,0.464207
1547144966,DEPOSIT,BTC,0.492348
1547144899,DEPOSIT,BTC,0.048920
1547144876,DEPOSIT,ETH,0.446132
1547144867,DEPOSIT,ETH,0.132146
1547144794,DEPOSIT,XRP,0.379687
1547144731,WITHDRAWAL,BTC,0.190914
1547144716,WITHDRAWAL,XRP,0.476131
1547144698,DEPOSIT,XRP,0.870926
1547144652,WITHDRAWAL,XRP,0.263339
1547144644,DEPOSIT,XRP,0.229351
1547144547,DEPOSIT,BTC,0.527480
1547144496,WITHDRAWAL,BTC,0.020629
1547144438,WITHDRAWAL,BTC,0.675218
1547144339,WITHDRAWAL,XRP,0.111264
1547144339,DEPOSIT,ETH,0.103364
1547144328,DEPOSIT,BTC,0.538509
1547144303,DEPOSIT,BTC,0.924306
1547144230,DEPOSIT,XRP,0.536518
1547144158,DEPOSIT,XRP,0.255956
1547144148,DEPOSIT,XRP,0.489009
1547144053,DEPOSIT,ETH,0.567872
1547143986,DEPOSIT,XRP,0.302478
1547143972,DEPOSIT,XRP,0.004841
1547143923,DEPOSIT,ETH,0.423984
1547143911,DEPOSIT,ETH,0.794985
1547143843,DEPOSIT,XRP,0.949351
1547143761,WITHDRAWAL,XRP,0.176145
1547143722,DEPOSIT,ETH,0.136122
1547143658,DEPOSIT,ETH,0.317931
1547143628,DEPOSIT,BTC,0.170963
1547143556,WITHDRAWAL,XRP,0.278872
1547143491,WITHDRAWAL,XRP,0.605338
1547143451,WITHDRAWAL,ETH,0.333053
1547143427,WITHDRAWAL,XRP,0.902598
1547143407,DEPOSIT,ETH,0.008611
1547143392,DEPOSIT,BTC,0.888693
1547143346,DEPOSIT,BTC,0.850736
1547143308,DEPOSIT,ETH,0.744143
1547143270,DEPOSIT,BTC,0.332695
1547143229,DEPOSIT,ETH,0.111683
1547143191,WITHDRAWAL,ETH,0.856720
1547143153,DEPOSIT,XRP,0.253042
1547143150,WITHDRAWAL,XRP,0.556288
1547143128,WITHDRAWAL,XRP,0.869374
1547143056,DEPOSIT,BTC,0.413876
1547142997,DEPOSIT,ETH,0.016629
1547142971,DEPOSIT,XRP,0.235785
1547142958,DEPOSIT,XRP,0.311422
1547142874,DEPOSIT,ETH,0.654182
1547142788,DEPOSIT,ETH,0.547168
1547142700,WITHDRAWAL,ETH,0.971442
1547142614,DEPOSIT,XRP,0.993963
1547142547,DEPOSIT,BTC,0.817949
1547142483,WITHDRAWAL,ETH,0.938133
1547142467,DEPOSIT,ETH,0.994269
1547142390,DEPOSIT,ETH,0.167549
1547142338,WITHDRAWAL,XRP,0.505333
1547142297,WITHDRAWAL,XRP,0.517276
1547142250,DEPOSIT,BTC,0.956143
1547142168,DEPOSIT,BTC,0.757821
1547142159,DEPOSIT,BTC,0.542114
1547142060,WITHDRAWAL,XRP,0.731863
1547141972,DEPOSIT,BTC,0.572994
1547141897,DEPOSIT,BTC,0.834356
1547141850,DEPOSIT,BTC,0.609430
1547141813,WITHDRAWAL,BTC,0.832620
1547141799,DEPOSIT,BTC,0.332053
1547141788,DEPOSIT,XRP,0.868162
1547141729,WITHDRAWAL,ETH,0.614982
1547141641,DEPOSIT,BTC,0.472583
1547141620,DEPOSIT,BTC,0.462180
1547141580,DEPOSIT,XRP,0.162389
1547141488,DEPOSIT,BTC,0.699552
1547141442,DEPOSIT,BTC,0.098734
1547141391,DEPOSIT,BTC,0.399614
1547141311,DEPOSIT,XRP,0.866344
1547141249,DEPOSIT,ETH,0.850534
1547141171,DEPOSIT,ETH,0.078679
1547141079,WITHDRAWAL,BTC,0.358705
1547140985,DEPOSIT,XRP,0.077056
1547140965,DEPOSIT,XRP,0.869517
1547140943,WITHDRAWAL,ETH,0.203444
1547140847,DEPOSIT,BTC,0.203623
1547140770,WITHDRAWAL,BTC,0.612465
1547140766,DEPOSIT,ETH,0.928473
1547140675,WITHDRAWAL,XRP,0.279928
1547140657,DEPOSIT,XRP,0.819409
1547140568,WITHDRAWAL,XRP,0.036810
1547140560,WITHDRAWAL,BTC,0.483448
1547140506,WITHDRAWAL,BTC,0.616257
1547140484,WITHDRAWAL,XRP,0.140431
1547140398,DEPOSIT,ETH,0.034144
1547140392,DEPOSIT,XRP,0.731543
1547140368,WITHDRAWAL,XRP,0.996801
1547140354,WITHDRAWAL,BTC,0.104420
1547140267,WITHDRAWAL,BTC,0.194151
1547140233,DEPOSIT,BTC,0.107797
1547140164,WITHDRAWAL,XRP,0.211183
1547140116,WITHDRAWAL,ETH,0.691293
1547140115,WITHDRAWAL,XRP,0.824483
1547140063,DEPOSIT,ETH,0.136449
1547140052,WITHDRAWAL,ETH,0.128789
1547140017,DEPOSIT,XRP,0.620557
1547139956,DEPOSIT,ETH,0.511325
1547139931,DEPOSIT,XRP,0.054674
1547139860,DEPOSIT,ETH,0.081984
1547139833,WITHDRAWAL,XRP,0.084293
1547139816,WITHDRAWAL,XRP,0.932802
1547139795,WITHDRAWAL,BTC,0.530885
1547139749,DEPOSIT,BTC,0.966229
1547139729,DEPOSIT,BTC,0.404443
1547139729,WITHDRAWAL,XRP,0.055108
1547139678,DEPOSIT,BTC,0.425657
1547139657,DEPOSIT,XRP,0.476987
1547139615,DEPOSIT,ETH,0.205276
1547139611,WITHDRAWAL,BTC,0.929112
1547139541,WITHDRAWAL,BTC,0.251290
1547139450,DEPOSIT,XRP,0.159866
1547139370,DEPOSIT,BTC,0.499866
1547139363,WITHDRAWAL,BTC,0.609827
1547139338,DEPOSIT,XRP,0.654499
1547139295,DEPOSIT,ETH,0.501367
1547139217,WITHDRAWAL,BTC,0.168039
1547139193,WITHDRAWAL,XRP,0.931848
1547139116,DEPOSIT,XRP,0.493793
1547139115,DEPOSIT,BTC,0.062653
1547139072,DEPOSIT,ETH,0.605243
1547139017,DEPOSIT,ETH,0.245385
1547138993,DEPOSIT,BTC,0.035793
1547138926,WITHDRAWAL,BTC,0.263597
1547138914,DEPOSIT,BTC,0.364254
1547138888,DEPOSIT,XRP,0.184134
1547138855,DEPOSIT,BTC,0.065254
1547138776,WITHDRAWAL,ETH,0.373215
1547138733,DEPOSIT,BTC,0.416501
1547138731,WITHDRAWAL,BTC,0.475567
1547138672,WITHDRAWAL,XRP,0.370367
1547138653,DEPOSIT,XRP,0.539330
1547138601,WITHDRAWAL,ETH,0.645939
1547138551,DEPOSIT,XRP,0.160755
1547138511,WITHDRAWAL,BTC,0.519543
1547138458,DEPOSIT,BTC,0.399303
1547138384,WITHDRAWAL,ETH,0.231967
1547138287,DEPOSIT,BTC,0.896667
1547138244,DEPOSIT,BTC,0.356416
1547138153,DEPOSIT,ETH,0.920616
1547138114,WITHDRAWAL,BTC,0.076754
1547138033,DEPOSIT,BTC,0.981054
1547137941,WITHDRAWAL,ETH,0.758570
1547137924,DEPOSIT,ETH,0.438513
1547137884,WITHDRAWAL,XRP,0.464194
1547137819,WITHDRAWAL,XRP,0.641844
1547137805,WITHDRAWAL,ETH,0.529864
1547137738,WITHDRAWAL,BTC,0.489548
1547137708,DEPOSIT,ETH,0.372817
1547137668,DEPOSIT,BTC,0.478712
1547137618,DEPOSIT,BTC,0.140915
1547137553,DEPOSIT,ETH,0.520076
1547137507,WITHDRAWAL,BTC,0.921114
1547137480,WITHDRAWAL,BTC,0.006616
1547137414,WITHDRAWAL,ETH,0.182659
1547137357,WITHDRAWAL,XRP,0.109292
1547137322,WITHDRAWAL,BTC,0.753814
1547137292,DEPOSIT,BTC,0.125741
1547137196,WITHDRAWAL,BTC,0.855751
1547137149,DEPOSIT,XRP,0.128375
1547137071,DEPOSIT,ETH,0.298734
1547137051,WITHDRAWAL,XRP,0.397858
1547137009,DEPOSIT,BTC,0.661441
1547136999,WITHDRAWAL,ETH,0.637147
1547136960,DEPOSIT,XRP,0.770575
1547136869,WITHDRAWAL,BTC,0.738920
1547136840,DEPOSIT,ETH,0.901391
1547136769,DEPOSIT,ETH,0.227531
1547136720,DEPOSIT,XRP,0.993228
1547136674,WITHDRAWAL,XRP,0.264188
1547136620,WITHDRAWAL,XRP,0.878578
1547136589,DEPOSIT,BTC,0.944072
1547136579,WITHDRAWAL,BTC,0.164506
1547136522,WITHDRAWAL,BTC,0.799847
1547136481,DEPOSIT,BTC,0.837817
1547136442,WITHDRAWAL,ETH,0.833987
1547136430,WITHDRAWAL,BTC,0.551087
1547136371,WITHDRAWAL,BTC,0.954555
1547136282,DEPOSIT,ETH,0.674709
1547136241,WITHDRAWAL,XRP,0.583467
1547136142,WITHDRAWAL,BTC,0.401729
1547136121,DEPOSIT,ETH,0.446797
1547136120,WITHDRAWAL,XRP,0.736864
1547136055,DEPOSIT,ETH,0.283237
1547135979,DEPOSIT,XRP,0.926279
1547135958,WITHDRAWAL,BTC,0.990448
1547135877,DEPOSIT,XRP,0.519720
1547135845,DEPOSIT,ETH,0.361673
1547135821,DEPOSIT,XRP,0.806926
1547135812,WITHDRAWAL,BTC,0.428425
1547135719,WITHDRAWAL,ETH,0.946181
1547135622,DEPOSIT,BTC,0.974227
1547135563,WITHDRAWAL,ETH,0.100076
1547135484,DEPOSIT,ETH,0.354148
1547135442,DEPOSIT,BTC,0.330008
1547135394,DEPOSIT,BTC,0.280469
1547135345,WITHDRAWAL,BTC,0.441622
1547135320,WITHDRAWAL,ETH,0.154047
1547135289,WITHDRAWAL,BTC,0.906762
1547135248,DEPOSIT,XRP,0.027279
1547135199,DEPOSIT,ETH,0.850298
1547135110,DEPOSIT,BTC,0.897190
1547135026,DEPOSIT,ETH,0.574526
1547134951,WITHDRAWAL,BTC,0.636677
1547134918,DEPOSIT,XRP,0.081992
1547134850,WITHDRAWAL,BTC,0.738126
1547134797,WITHDRAWAL,BTC,0.469770
1547134779,WITHDRAWAL,XRP,0.944001
1547134702,WITHDRAWAL,XRP,0.296279
1547134664,DEPOSIT,ETH,0.786782
1547134621,DEPOSIT,XRP,0.273063
1547134569,DEPOSIT,ETH,0.137967
1547134536,WITHDRAWAL,BTC,0.638509
1547134527,WITHDRAWAL,XRP,0.009461
1547134504,WITHDRAWAL,XRP,0.194002
1547134480,DEPOSIT,XRP,0.059147
1547134390,DEPOSIT,ETH,0.481205
1547134366,DEPOSIT,BTC,0.398815
1547134275,DEPOSIT,BTC,0.852426
1547134237,DEPOSIT,BTC,0.493791
1547134141,DEPOSIT,ETH,0.614775
1547134106,DEPOSIT,BTC,0.044288
1547134008,DEPOSIT,ETH,0.098779
1547133997,DEPOSIT,XRP,0.067786
1547133911,DEPOSIT,BTC,0.728055
1547133867,DEPOSIT,ETH,0.397613
1547133802,WITHDRAWAL,XRP,0.971518
1547133716,DEPOSIT,ETH,0.644169
1547133666,DEPOSIT,XRP,0.488874
1547133638,DEPOSIT,BTC,0.750716
1547133622,DEPOSIT,BTC,0.243253
1547133622,WITHDRAWAL,XRP,0.811270
1547133622,DEPOSIT,BTC,0.170371
1547133598,DEPOSIT,ETH,0.736925
1547133537,DEPOSIT,ETH,0.196148
1547133510,DEPOSIT,ETH,0.026430
1547133498,WITHDRAWAL,BTC,0.717814
1547133399,WITHDRAWAL,BTC,0.381917
1547133347,WITHDRAWAL,XRP,0.560660
1547133269,WITHDRAWAL,ETH,0.645886
1547133257,DEPOSIT,ETH,0.870752
1547133218,DEPOSIT,BTC,0.490990
1547133186,DEPOSIT,BTC,0.241543
1547133112,DEPOSIT,BTC,0.290186
1547133110,DEPOSIT,BTC,0.033293
1547133094,WITHDRAWAL,XRP,0.781539
1547133011,DEPOSIT,ETH,0.814632
1547132939,WITHDRAWAL,BTC,0.735830
1547132876,DEPOSIT,XRP,0.718547
1547132876,WITHDRAWAL,BTC,0.145679
1547132807,WITHDRAWAL,BTC,0.160378
1547132761,WITHDRAWAL,ETH,0.433551
1547132744,DEPOSIT,BTC,0.625499
1547132736,WITHDRAWAL,XRP,0.842930
1547132701,DEPOSIT,ETH,0.381097
1547132632,WITHDRAWAL,BTC,0.151406
1547132625,DEPOSIT,BTC,0.386798
1547132602,DEPOSIT,BTC,0.625634
1547132543,DEPOSIT,XRP,0.667423
1547132461,DEPOSIT,XRP,0.243485
1547132410,DEPOSIT,BTC,0.691427
1547132379,WITHDRAWAL,BTC,0.077130
1547132323,DEPOSIT,BTC,0.738967
1547132262,DEPOSIT,XRP,0.078439
1547132172,WITHDRAWAL,ETH,0.598572
1547132130,DEPOSIT,XRP,0.506542
1547132063,WITHDRAWAL,BTC,0.574918
1547132010,DEPOSIT,XRP,0.326215
1547131960,DEPOSIT,BTC,0.859015
1547131957,DEPOSIT,XRP,0.206809
1547131947,WITHDRAWAL,ETH,0.486796
1547131912,WITHDRAWAL,ETH,0.934898
1547131904,DEPOSIT,XRP,0.736681
1547131849,DEPOSIT,XRP,0.194875
1547131792,WITHDRAWAL,XRP,0.161741
1547131721,DEPOSIT,ETH,0.074494
1547131680,WITHDRAWAL,XRP,0.095931
1547131642,WITHDRAWAL,ETH,0.011951
1547131564,DEPOSIT,ETH,0.367241
1547131475,DEPOSIT,BTC,0.851897
1547131391,WITHDRAWAL,ETH,0.383864
1547131391,WITHDRAWAL,BTC,0.617245
1547131301,DEPOSIT,XRP,0.130976
1547131292,DEPOSIT,ETH,0.952010
1547131231,WITHDRAWAL,ETH,0.124821
1547131209,DEPOSIT,XRP,0.121535
1547131114,DEPOSIT,BTC,0.040866
1547131082,DEPOSIT,XRP,0.787719
1547131037,WITHDRAWAL,BTC,0.549077
1547130995,WITHDRAWAL,XRP,0.757361
1547130928,DEPOSIT,XRP,0.418618
1547130908,DEPOSIT,BTC,0.322052
1547130892,DEPOSIT,BTC,0.172616
1547130892,DEPOSIT,XRP,0.747670
1547130834,WITHDRAWAL,ETH,0.482488
1547130737,DEPOSIT,XRP,0.128599
1547130687,DEPOSIT,XRP,0.947239
1547130651,DEPOSIT,BTC,0.913781
1547130594,WITHDRAWAL,ETH,0.371629
1547130572,DEPOSIT,ETH,0.109274
1547130500,WITHDRAWAL,XRP,0.745381
1547130468,WITHDRAWAL,BTC,0.709944
1547130413,DEPOSIT,BTC,0.117541
1547130364,DEPOSIT,XRP,0.413748
1547130333,DEPOSIT,ETH,0.968380
1547130244,WITHDRAWAL,BTC,0.677350
1547130171,DEPOSIT,ETH,0.494817
1547130159,WITHDRAWAL,BTC,0.051954
1547130123,WITHDRAWAL,XRP,0.972198
1547130114,DEPOSIT,XRP,0.299951
1547130032,WITHDRAWAL,XRP,0.353430
1547129937,WITHDRAWAL,ETH,0.199031
1547129846,DEPOSIT,XRP,0.989063
1547129794,WITHDRAWAL,ETH,0.652737
1547129720,WITHDRAWAL,ETH,0.867733
1547129703,WITHDRAWAL,ETH,0.726180
1547129666,WITHDRAWAL,BTC,0.342564
1547129618,WITHDRAWAL,ETH,0.035393
1547129618,WITHDRAWAL,XRP,0.918811
1547129608,WITHDRAWAL,ETH,0.450823
1547129607,WITHDRAWAL,BTC,0.246882
1547129527,WITHDRAWAL,ETH,0.562860
1547129527,WITHDRAWAL,ETH,0.289886
1547129480,DEPOSIT,ETH,0.420951
1547129454,DEPOSIT,ETH,0.426975
1547129361,DEPOSIT,BTC,0.421342
1547129348,DEPOSIT,BTC,0.935552
1547129280,DEPOSIT,XRP,0.415048
1547129266,WITHDRAWAL,XRP,0.038300
1547129192,WITHDRAWAL,BTC,0.332930
1547129094,DEPOSIT,BTC,0.836768
1547129074,DEPOSIT,BTC,0.467795
1547129044,DEPOSIT,BTC,0.548750
1547129022,WITHDRAWAL,XRP,0.767405
1547128992,DEPOSIT,BTC,0.251101
1547128923,DEPOSIT,BTC,0.728572
1547128841,WITHDRAWAL,BTC,0.744968
1547128771,DEPOSIT,ETH,0.118194
1547128733,WITHDRAWAL,XRP,0.087922
1547128693,WITHDRAWAL,ETH,0.992209
1547128620,WITHDRAWAL,ETH,0.129853
1547128571,DEPOSIT,XRP,0.663527
1547128525,WITHDRAWAL,BTC,0.842694
1547128469,DEPOSIT,BTC,0.491632
1547128381,WITHDRAWAL,ETH,0.540675
1547128318,DEPOSIT,BTC,0.519804
1547128282,WITHDRAWAL,BTC,0.436521
1547128245,WITHDRAWAL,XRP,0.359732
1547128167,DEPOSIT,BTC,0.069841
1547128135,WITHDRAWAL,BTC,0.811614
1547128064,WITHDRAWAL,XRP,0.615410
1547128025,DEPOSIT,BTC,0.236994
1547128001,DEPOSIT,BTC,0.824085
1547127980,DEPOSIT,BTC,0.226694
1547127970,DEPOSIT,ETH,0.303187
1547127898,WITHDRAWAL,ETH,0.562027
1547127825,WITHDRAWAL,BTC,0.603270
1547127766,WITHDRAWAL,XRP,0.034056
1547127716,WITHDRAWAL,BTC,0.484650
1547127652,WITHDRAWAL,BTC,0.591802
1547127622,WITHDRAWAL,BTC,0.631860
1547127599,DEPOSIT,XRP,0.067297
1547127573,WITHDRAWAL,ETH,0.416669
1547127526,DEPOSIT,ETH,0.829937
1547127521,DEPOSIT,BTC,0.048143
1547127470,DEPOSIT,BTC,0.484816
1547127405,WITHDRAWAL,XRP,0.404961
1547127318,DEPOSIT,BTC,0.962188
1547127227,WITHDRAWAL,BTC,0.359205
1547127160,DEPOSIT,XRP,0.191978
1547127158,DEPOSIT,XRP,0.683667
1547127148,DEPOSIT,XRP,0.853288
1547127120,DEPOSIT,ETH,0.326477
1547127113,WITHDRAWAL,XRP,0.666497
1547127108,DEPOSIT,ETH,0.327599
1547127041,DEPOSIT,BTC,0.317349
1547127013,DEPOSIT,XRP,0.946512
1547126951,DEPOSIT,BTC,0.241388
1547126855,DEPOSIT,XRP,0.521469
1547126815,WITHDRAWAL,BTC,0.378101
1547126719,WITHDRAWAL,XRP,0.124826
1547126694,WITHDRAWAL,XRP,0.824078
1547126617,WITHDRAWAL,BTC,0.047526
1547126560,WITHDRAWAL,ETH,0.600886
1547126560,DEPOSIT,BTC,0.120411
1547126540,DEPOSIT,ETH,0.645005
1547126481,WITHDRAWAL,BTC,0.111753
1547126405,DEPOSIT,XRP,0.981965
1547126391,WITHDRAWAL,BTC,0.729116
1547126299,WITHDRAWAL,ETH,0.862897
1547126293,WITHDRAWAL,BTC,0.224485
1547126218,WITHDRAWAL,XRP,0.672580
1547126218,DEPOSIT,BTC,0.750214
1547126155,WITHDRAWAL,ETH,0.789641
1547126120,WITHDRAWAL,BTC,0.897095
1547126071,DEPOSIT,ETH,0.430694
1547126014,DEPOSIT,BTC,0.700538
1547125982,DEPOSIT,ETH,0.575750
1547125977,DEPOSIT,ETH,0.476856
1547125919,DEPOSIT,BTC,0.966923
1547125871,DEPOSIT,BTC,0.323171
1547125829,WITHDRAWAL,XRP,0.930941
1547125773,WITHDRAWAL,ETH,0.864969
1547125689,WITHDRAWAL,ETH,0.001434
1547125606,WITHDRAWAL,BTC,0.577390
1547125520,DEPOSIT,BTC,0.663126
1547125480,DEPOSIT,BTC,0.637770
1547125472,WITHDRAWAL,BTC,0.544166
1547125469,DEPOSIT,BTC,0.969146
1547125429,WITHDRAWAL,BTC,0.785211
1547125342,DEPOSIT,ETH,0.989031
1547125336,WITHDRAWAL,XRP,0.297698
1547125282,DEPOSIT,BTC,0.234281
1547125241,DEPOSIT,XRP,0.911843
1547125155,DEPOSIT,ETH,0.836166
1547125058,WITHDRAWAL,BTC,0.126082
1547125012,DEPOSIT,ETH,0.900617
1547124990,WITHDRAWAL,ETH,0.508844
1547124952,DEPOSIT,ETH,0.212222
1547124902,WITHDRAWAL,ETH,0.799204
1547124829,DEPOSIT,BTC,0.201407
1547124801,DEPOSIT,BTC,0.760398
1547124746,DEPOSIT,XRP,0.900352
1547124675,DEPOSIT,XRP,0.690121
1547124639,DEPOSIT,ETH,0.962630
1547124612,DEPOSIT,ETH,0.562038
1547124577,DEPOSIT,XRP,0.760884
1547124511,DEPOSIT,ETH,0.607524
1547124412,WITHDRAWAL,XRP,0.846343
1547124392,DEPOSIT,XRP,0.037564
1547124350,WITHDRAWAL,BTC,0.270301
1547124311,DEPOSIT,XRP,0.720315
1547124237,DEPOSIT,ETH,0.450472
1547124193,WITHDRAWAL,BTC,0.391109
1547124144,WITHDRAWAL,BTC,0.948319
1547124060,DEPOSIT,BTC,0.663489
1547124003,DEPOSIT,ETH,0.851971
1547123942,DEPOSIT,ETH,0.142378
1547123907,WITHDRAWAL,BTC,0.272117
1547123892,DEPOSIT,ETH,0.285151
1547123799,DEPOSIT,BTC,0.104075
1547123792,DEPOSIT,ETH,0.765894
1547123761,WITHDRAWAL,BTC,0.786757
1547123688,DEPOSIT,XRP,0.712401
1547123685,DEPOSIT,ETH,0.222451
1547123662,WITHDRAWAL,BTC,0.861587
1547123643,DEPOSIT,ETH,0.184145
1547123591,DEPOSIT,ETH,0.544559
1547123516,DEPOSIT,XRP,0.183241
1547123486,DEPOSIT,BTC,0.167387
1547123457,DEPOSIT,XRP,0.224084
1547123374,WITHDRAWAL,BTC,0.858646
1547123353,WITHDRAWAL,XRP,0.816842
1547123268,DEPOSIT,BTC,0.699358
1547123184,DEPOSIT,XRP,0.978134
1547123111,DEPOSIT,XRP,0.942208
1547123014,WITHDRAWAL,ETH,0.885861
1547122953,WITHDRAWAL,XRP,0.693145
1547122871,DEPOSIT,ETH,0.620512
1547122834,WITHDRAWAL,BTC,0.681232
1547122821,DEPOSIT,XRP,0.326319
1547122812,DEPOSIT,BTC,0.986842
1547122752,DEPOSIT,BTC,0.644420
1547122716,DEPOSIT,XRP,0.949241
1547122658,DEPOSIT,ETH,0.233515
1547122647,WITHDRAWAL,ETH,0.024864
1547122617,DEPOSIT,XRP,0.742154
1547122559,WITHDRAWAL,BTC,0.702199
1547122472,DEPOSIT,BTC,0.906633
1547122439,DEPOSIT,ETH,0.535003
1547122420,WITHDRAWAL,BTC,0.121573
1547122399,WITHDRAWAL,XRP,0.041309
1547122302,DEPOSIT,BTC,0.279738
1547122276,WITHDRAWAL,XRP,0.517342
1547122241,DEPOSIT,XRP,0.324635
1547122183,DEPOSIT,ETH,0.017542
1547122150,DEPOSIT,ETH,0.095040
1547122136,WITHDRAWAL,BTC,0.068995
1547122071,DEPOSIT,ETH,0.646366
1547121993,WITHDRAWAL,BTC,0.053589
1547121937,DEPOSIT,XRP,0.377522
1547121918,WITHDRAWAL,XRP,0.739014
1547121916,DEPOSIT,BTC,0.755964
1547121858,DEPOSIT,ETH,0.047696
1547121836,WITHDRAWAL,XRP,0.169052
1547121777,DEPOSIT,BTC,0.904354
1547121760,DEPOSIT,XRP,0.707334
1547121673,DEPOSIT,ETH,0.677704
1547121652,WITHDRAWAL,XRP,0.697544
1547121648,WITHDRAWAL,ETH,0.849585
1547121593,DEPOSIT,BTC,0.668350
1547121514,DEPOSIT,ETH,0.999516
1547121464,DEPOSIT,XRP,0.232892
1547121440,DEPOSIT,XRP,0.156166
1547121436,DEPOSIT,BTC,0.459511
1547121337,DEPOSIT,BTC,0.781513
1547121248,DEPOSIT,BTC,0.172056
1547121192,WITHDRAWAL,XRP,0.982272
1547121187,DEPOSIT,BTC,0.535260
1547121109,DEPOSIT,BTC,0.408974
1547121040,DEPOSIT,BTC,0.692678
1547120985,WITHDRAWAL,ETH,0.571825
1547120915,WITHDRAWAL,XRP,0.175470
1547120895,DEPOSIT,ETH,0.521657
1547120808,WITHDRAWAL,XRP,0.269543
1547120770,WITHDRAWAL,XRP,0.329118
1547120722,WITHDRAWAL,BTC,0.102233
1547120654,DEPOSIT,XRP,0.912719
1547120578,WITHDRAWAL,BTC,0.308529
1547120577,DEPOSIT,BTC,0.318750
1547120495,DEPOSIT,ETH,0.260191
1547120436,WITHDRAWAL,XRP,0.178270
1547120383,DEPOSIT,BTC,0.859852
1547120336,DEPOSIT,ETH,0.180787
1547120330,DEPOSIT,ETH,0.898337
1547120309,DEPOSIT,ETH,0.492189
1547120272,WITHDRAWAL,BTC,0.312116
1547120225,WITHDRAWAL,BTC,0.413170
1547120153,DEPOSIT,ETH,0.151212
1547120056,DEPOSIT,BTC,0.075950
1547119993,WITHDRAWAL,ETH,0.186191
1547119972,DEPOSIT,BTC,0.321400
1547119922,DEPOSIT,ETH,0.515594
1547119840,DEPOSIT,ETH,0.901733
1547119743,WITHDRAWAL,XRP,0.829422
1547119739,DEPOSIT,XRP,0.009746
1547119678,DEPOSIT,XRP,0.714361
1547119624,WITHDRAWAL,BTC,0.329256
1547119607,DEPOSIT,ETH,0.076548
1547119553,DEPOSIT,ETH,0.881825
1547119517,WITHDRAWAL,BTC,0.010102
1547119421,WITHDRAWAL,XRP,0.243997
1547119331,DEPOSIT,BTC,0.213738
1547119247,DEPOSIT,BTC,0.120178
1547119224,DEPOSIT,BTC,0.161488
1547119177,DEPOSIT,XRP,0.677761
1547119114,DEPOSIT,ETH,0.780168
1547119072,WITHDRAWAL,BTC,0.152598
1547119054,WITHDRAWAL,ETH,0.230645
1547119020,DEPOSIT,ETH,0.424062
1547118994,DEPOSIT,ETH,0.637381
1547118919,WITHDRAWAL,BTC,0.024172
1547118894,WITHDRAWAL,BTC,0.987132
1547118798,DEPOSIT,XRP,0.837880
1547118777,DEPOSIT,XRP,0.075345
1547118738,WITHDRAWAL,XRP,0.956703
1547118721,DEPOSIT,XRP,0.381560
1547118662,WITHDRAWAL,ETH,0.131761
1547118609,DEPOSIT,ETH,0.516018
1547118572,WITHDRAWAL,ETH,0.785150
1547118557,DEPOSIT,ETH,0.546188
1547118542,DEPOSIT,BTC,0.522748
1547118486,DEPOSIT,BTC,0.560223
1547118410,WITHDRAWAL,XRP,0.362544
1547118344,WITHDRAWAL,XRP,0.978757
1547118274,DEPOSIT,XRP,0.052770
1547118191,DEPOSIT,XRP,0.381966
1547118136,WITHDRAWAL,ETH,0.524569
1547118129,WITHDRAWAL,BTC,0.651722
1547118047,DEPOSIT,XRP,0.812621
1547117948,WITHDRAWAL,BTC,0.565810
1547117894,DEPOSIT,ETH,0.433329
1547117842,DEPOSIT,XRP,0.286748
1547117784,DEPOSIT,XRP,0.899213
1547117740,WITHDRAWAL,BTC,0.509777
1547117704,DEPOSIT,XRP,0.588519
1547117699,WITHDRAWAL,XRP,0.071737
1547117670,WITHDRAWAL,XRP,0.606440
1547117606,DEPOSIT,XRP,0.316862
1547117530,DEPOSIT,XRP,0.922820
1547117447,DEPOSIT,BTC,0.871296
1547117368,WITHDRAWAL,BTC,0.523358
1547117315,DEPOSIT,XRP,0.419769
1547117280,DEPOSIT,ETH,0.990864
1547117267,WITHDRAWAL,BTC,0.354381
1547117251,DEPOSIT,ETH,0.944105
1547117244,DEPOSIT,ETH,0.652726
1547117182,WITHDRAWAL,BTC,0.340736
1547117166,DEPOSIT,BTC,0.776652
1547117095,DEPOSIT,XRP,0.916905
1547117024,WITHDRAWAL,XRP,0.219683
1547116974,DEPOSIT,BTC,0.607341
1547116921,WITHDRAWAL,BTC,0.539121
1547116873,WITHDRAWAL,BTC,0.866562
1547116839,DEPOSIT,XRP,0.241685
1547116746,DEPOSIT,XRP,0.958813
1547116707,WITHDRAWAL,BTC,0.348416
1547116611,DEPOSIT,BTC,0.546892
1547116567,DEPOSIT,ETH,0.451748
1547116552,DEPOSIT,BTC,0.542259
1547116535,DEPOSIT,ETH,0.050468
1547116498,DEPOSIT,XRP,0.924716
1547116418,WITHDRAWAL,ETH,0.117255
1547116375,DEPOSIT,XRP,0.253435
1547116359,DEPOSIT,XRP,0.036251
1547116312,WITHDRAWAL,BTC,0.650049
1547116233,WITHDRAWAL,ETH,0.356481
1547116150,DEPOSIT,ETH,0.676502
1547116062,WITHDRAWAL,BTC,0.986006
1547116049,WITHDRAWAL,BTC,0.880150
1547115971,WITHDRAWAL,ETH,0.465759
1547115913,DEPOSIT,XRP,0.073766
1547115834,DEPOSIT,ETH,0.558860
1547115814,DEPOSIT,BTC,0.690948
1547115791,DEPOSIT,ETH,0.742708
1547115696,WITHDRAWAL,XRP,0.555885
1547115673,WITHDRAWAL,BTC,0.294651
1547115654,WITHDRAWAL,ETH,0.998540
1547115580,DEPOSIT,XRP,0.329365
1547115494,WITHDRAWAL,XRP,0.621881
1547115487,DEPOSIT,ETH,0.992081
1547115457,DEPOSIT,ETH,0.403429
1547115365,WITHDRAWAL,XRP,0.277687
1547115307,DEPOSIT,ETH,0.176694
1547115269,DEPOSIT,ETH,0.837312
1547115260,DEPOSIT,ETH,0.327209
1547115257,DEPOSIT,ETH,0.489689
1547115226,DEPOSIT,BTC,0.358549
1547115196,DEPOSIT,BTC,0.801730
1547115189,DEPOSIT,BTC,0.833778
1547115106,WITHDRAWAL,XRP,0.736000
1547115040,WITHDRAWAL,ETH,0.113024
1547115030,WITHDRAWAL,XRP,0.464659
1547114934,WITHDRAWAL,ETH,0.685015
1547114841,DEPOSIT,BTC,0.669683
1547114753,DEPOSIT,XRP,0.979890
1547114679,DEPOSIT,BTC,0.668407
1547114596,WITHDRAWAL,ETH,0.626377
1547114593,DEPOSIT,ETH,0.572649
1547114494,WITHDRAWAL,BTC,0.883298
1547114417,DEPOSIT,XRP,0.838631
1547114365,DEPOSIT,BTC,0.723454
1547114317,DEPOSIT,ETH,0.427923
1547114279,DEPOSIT,BTC,0.482275
1547114260,DEPOSIT,BTC,0.481197
1547114175,WITHDRAWAL,ETH,0.517880
1547114091,DEPOSIT,ETH,0.943439
1547114088,DEPOSIT,BTC,0.975059
1547113990,DEPOSIT,XRP,0.564794
1547113900,WITHDRAWAL,BTC,0.370152
1547113876,DEPOSIT,XRP,0.205693
1547113798,DEPOSIT,XRP,0.901622
1547113786,DEPOSIT,ETH,0.730564
1547113773,DEPOSIT,XRP,0.841115
1547113757,WITHDRAWAL,BTC,0.905753
1547113689,WITHDRAWAL,XRP,0.101204
1547113688,DEPOSIT,ETH,0.528329
1547113594,DEPOSIT,XRP,0.589362
1547113521,DEPOSIT,BTC,0.860301
1547113488,DEPOSIT,BTC,0.021044
1547113473,DEPOSIT,BTC,0.284815
1547113409,DEPOSIT,XRP,0.421570
1547113352,WITHDRAWAL,ETH,0.262203
1547113303,WITHDRAWAL,ETH,0.156658
1547113285,DEPOSIT,BTC,0.079069
1547113280,WITHDRAWAL,XRP,0.515863
1547113187,DEPOSIT,BTC,0.801214
1547113164,DEPOSIT,XRP,0.048230
1547113089,DEPOSIT,ETH,0.416231
1547113062,WITHDRAWAL,ETH,0.386109
1547112969,WITHDRAWAL,BTC,0.619147
1547112898,WITHDRAWAL,ETH,0.562884
1547112842,WITHDRAWAL,BTC,0.264738
1547112763,DEPOSIT,BTC,0.260623
1547112667,WITHDRAWAL,BTC,0.337647
1547112634,WITHDRAWAL,ETH,0.934122
1547112613,DEPOSIT,ETH,0.207821
1547112568,DEPOSIT,ETH,0.033522
1547112488,DEPOSIT,XRP,0.066680
1547112422,DEPOSIT,XRP,0.214638
1547112341,WITHDRAWAL,XRP,0.412358
1547112304,WITHDRAWAL,XRP,0.333451
1547112252,DEPOSIT,XRP,0.563850
1547112190,DEPOSIT,ETH,0.849004
1547112160,WITHDRAWAL,BTC,0.350528
1547112152,WITHDRAWAL,BTC,0.984795
1547112101,DEPOSIT,XRP,0.287054
1547112061,DEPOSIT,BTC,0.013362
1547112033,DEPOSIT,XRP,0.615045
1547111981,WITHDRAWAL,ETH,0.206016
1547111922,WITHDRAWAL,BTC,0.504268
1547111852,WITHDRAWAL,BTC,0.832239
1547111808,WITHDRAWAL,ETH,0.666331
1547111723,WITHDRAWAL,BTC,0.939904
1547111723,DEPOSIT,ETH,0.341396
1547111691,DEPOSIT,BTC,0.037488
1547111674,DEPOSIT,XRP,0.123235
1547111667,WITHDRAWAL,BTC,0.287880
1547111590,WITHDRAWAL,XRP,0.463609
1547111521,DEPOSIT,XRP,0.764343
1547111456,WITHDRAWAL,ETH,0.637396
1547111445,DEPOSIT,ETH,0.053326
1547111365,DEPOSIT,ETH,0.919690
1547111268,DEPOSIT,XRP,0.091471
1547111260,DEPOSIT,ETH,0.138837
1547111238,DEPOSIT,ETH,0.142179
1547111160,WITHDRAWAL,ETH,0.141743
1547111115,DEPOSIT,ETH,0.292685
1547111022,DEPOSIT,BTC,0.261926
1547110959,DEPOSIT,ETH,0.228819
1547110916,WITHDRAWAL,ETH,0.992588
1547110879,DEPOSIT,ETH,0.937520
1547110868,DEPOSIT,ETH,0.035184
1547110838,DEPOSIT,ETH,0.790233
1547110776,WITHDRAWAL,BTC,0.840850
1547110706,DEPOSIT,XRP,0.567945
1547110694,WITHDRAWAL,XRP,0.771917
1547110629,DEPOSIT,XRP,0.910793
1547110545,DEPOSIT,XRP,0.701560
1547110465,WITHDRAWAL,ETH,0.628450
1547110452,DEPOSIT,BTC,0.898367
1547110411,WITHDRAWAL,ETH,0.462977
1547110398,DEPOSIT,ETH,0.726752
1547110316,DEPOSIT,BTC,0.374593
1547110252,DEPOSIT,XRP,0.291079
1547110157,WITHDRAWAL,XRP,0.749533
1547110137,DEPOSIT,XRP,0.647167
1547110071,DEPOSIT,XRP,0.465770
1547110053,WITHDRAWAL,ETH,0.082029
1547110038,WITHDRAWAL,ETH,0.544205
1547110007,DEPOSIT,BTC,0.919625
1547109986,DEPOSIT,XRP,0.502094
1547109969,DEPOSIT,XRP,0.061121
1547109904,WITHDRAWAL,BTC,0.619503
1547109818,WITHDRAWAL,BTC,0.250647
1547109799,WITHDRAWAL,XRP,0.086398
1547109749,DEPOSIT,XRP,0.651052
1547109702,WITHDRAWAL,BTC,0.565049
1547109624,WITHDRAWAL,XRP,0.305453
1547109530,DEPOSIT,XRP,0.454173
1547109518,DEPOSIT,ETH,0.275174
1547109515,DEPOSIT,BTC,0.258442
1547109453,DEPOSIT,XRP,0.315038
1547109358,DEPOSIT,XRP,0.489152
1547109341,DEPOSIT,BTC,0.682712
1547109291,WITHDRAWAL,XRP,0.808500
1547109268,WITHDRAWAL,XRP,0.669207
1547109216,DEPOSIT,XRP,0.491849
1547109171,DEPOSIT,XRP,0.982206
1547109120,DEPOSIT,XRP,0.754279
1547109051,WITHDRAWAL,ETH,0.475156
1547109014,DEPOSIT,BTC,0.755453
1547108929,WITHDRAWAL,BTC,0.551719
1547108879,WITHDRAWAL,BTC,0.106864
1547108813,DEPOSIT,ETH,0.592761
1547108726,WITHDRAWAL,BTC,0.467491
1547108633,DEPOSIT,BTC,0.400487
1547108569,WITHDRAWAL,BTC,0.604561
1547108489,DEPOSIT,XRP,0.096697
1547108439,DEPOSIT,XRP,0.084065
1547108423,WITHDRAWAL,ETH,0.076854
1547108419,DEPOSIT,BTC,0.547947
1547108394,DEPOSIT,BTC,0.192480
1547108387,WITHDRAWAL,XRP,0.418695
1547108379,WITHDRAWAL,BTC,0.096858
1547108299,WITHDRAWAL,BTC,0.381962
1547108230,DEPOSIT,ETH,0.666999
1547108151,DEPOSIT,BTC,0.541856
1547108114,WITHDRAWAL,XRP,0.752125
1547108074,DEPOSIT,ETH,0.169947
1547108038,WITHDRAWAL,ETH,0.791929
1547107964,WITHDRAWAL,BTC,0.364620
1547107869,WITHDRAWAL,BTC,0.962026
1547107786,WITHDRAWAL,BTC,0.011275
1547107689,DEPOSIT,BTC,0.255576
1547107624,DEPOSIT,BTC,0.791056
1547107555,WITHDRAWAL,BTC,0.647713
1547107475,DEPOSIT,BTC,0.019982
1547107421,DEPOSIT,XRP,0.438018
1547107397,DEPOSIT,BTC,0.542131
1547107300,DEPOSIT,BTC,0.440352
1547107211,DEPOSIT,ETH,0.488990
1547107174,DEPOSIT,BTC,0.936240
1547107105,DEPOSIT,ETH,0.802747
1547107015,WITHDRAWAL,XRP,0.447921
1547106951,WITHDRAWAL,BTC,0.686624
1547106927,DEPOSIT,XRP,0.990730
1547106900,WITHDRAWAL,ETH,0.088247
1547106875,DEPOSIT,ETH,0.792624
1547106850,WITHDRAWAL,BTC,0.991918
1547106792,WITHDRAWAL,ETH,0.194718
1547106780,WITHDRAWAL,BTC,0.865565
1547106753,DEPOSIT,BTC,0.145546
1547106670,DEPOSIT,ETH,0.565257
1547106613,DEPOSIT,ETH,0.652454
1547106554,WITHDRAWAL,BTC,0.101774
1547106493,DEPOSIT,XRP,0.521034
1547106399,WITHDRAWAL,ETH,0.726520
1547106384,DEPOSIT,ETH,0.750684
1547106371,WITHDRAWAL,XRP,0.278290
1547106369,DEPOSIT,BTC,0.229824
1547106355,DEPOSIT,XRP,0.896993
1547106317,DEPOSIT,BTC,0.663629
1547106218,WITHDRAWAL,ETH,0.051693
1547106159,DEPOSIT,BTC,0.783144
1547106065,DEPOSIT,XRP,0.515310
1547106064,WITHDRAWAL,XRP,0.754138
1547106006,DEPOSIT,XRP,0.195737
1547105948,WITHDRAWAL,BTC,0.606959
1547105922,WITHDRAWAL,BTC,0.112314
1547105922,DEPOSIT,BTC,0.763110
1547105917,WITHDRAWAL,ETH,0.626162
1547105827,WITHDRAWAL,BTC,0.416547
1547105824,WITHDRAWAL,BTC,0.698066
1547105783,WITHDRAWAL,ETH,0.422694
1547105687,DEPOSIT,ETH,0.732668
1547105644,DEPOSIT,ETH,0.912209
1547105551,DEPOSIT,BTC,0.584683
1547105493,DEPOSIT,BTC,0.334890
1547105437,DEPOSIT,XRP,0.579245
1547105411,DEPOSIT,BTC,0.151791
1547105314,DEPOSIT,BTC,0.294539
1547105222,DEPOSIT,ETH,0.294865
1547105127,WITHDRAWAL,XRP,0.847126
1547105071,WITHDRAWAL,XRP,0.592243
1547105066,WITHDRAWAL,ETH,0.926923
1547104968,WITHDRAWAL,ETH,0.855477
1547104874,WITHDRAWAL,BTC,0.162288
1547104862,WITHDRAWAL,ETH,0.731194
1547104856,DEPOSIT,ETH,0.478705
1547104853,WITHDRAWAL,ETH,0.400209
1547104826,DEPOSIT,ETH,0.422580
1547104759,DEPOSIT,XRP,0.176493
1547104713,DEPOSIT,BTC,0.920791
1547104672,DEPOSIT,BTC,0.988693
1547104653,DEPOSIT,BTC,0.910850
1547104640,DEPOSIT,ETH,0.874767
1547104605,DEPOSIT,BTC,0.236611
1547104588,WITHDRAWAL,ETH,0.555584
1547104549,DEPOSIT,ETH,0.703948
1547104536,WITHDRAWAL,ETH,0.375471
1547104456,WITHDRAWAL,BTC,0.045930
1547104394,DEPOSIT,ETH,0.578546
1547104325,WITHDRAWAL,BTC,0.027449
1547104307,DEPOSIT,ETH,0.856888
1547104210,WITHDRAWAL,ETH,0.351350
1547104163,WITHDRAWAL,BTC,0.382360
1547104157,DEPOSIT,ETH,0.130705
1547104132,DEPOSIT,BTC,0.848795
1547104107,DEPOSIT,XRP,0.815471
1547104084,WITHDRAWAL,ETH,0.434100
1547103994,DEPOSIT,BTC,0.568062
1547103945,DEPOSIT,XRP,0.154845
1547103928,DEPOSIT,BTC,0.298653
1547103898,WITHDRAWAL,XRP,0.247126
1547103850,DEPOSIT,XRP,0.878902
1547103818,WITHDRAWAL,XRP,0.384098
1547103719,WITHDRAWAL,ETH,0.533934
1547103642,DEPOSIT,ETH,0.174321
1547103636,WITHDRAWAL,ETH,0.261560
1547103537,WITHDRAWAL,XRP,0.867026
1547103496,DEPOSIT,XRP,0.322421
1547103466,DEPOSIT,BTC,0.425880
1547103443,WITHDRAWAL,BTC,0.177094
1547103372,WITHDRAWAL,BTC,0.414446
1547103322,DEPOSIT,BTC,0.919774
1547103307,DEPOSIT,XRP,0.889867
1547103286,WITHDRAWAL,ETH,0.155899
1547103280,DEPOSIT,BTC,0.213669
1547103234,DEPOSIT,XRP,0.815891
1547103206,WITHDRAWAL,XRP,0.783747
1547103110,WITHDRAWAL,XRP,0.807971
1547103102,DEPOSIT,ETH,0.336019
1547103026,WITHDRAWAL,ETH,0.930026
1547102991,DEPOSIT,ETH,0.179698
1547102940,WITHDRAWAL,BTC,0.412596
1547102908,DEPOSIT,BTC,0.913204
1547102843,WITHDRAWAL,ETH,0.242878
1547102831,WITHDRAWAL,ETH,0.830583
1547102815,DEPOSIT,ETH,0.312659
1547102741,DEPOSIT,XRP,0.778963
1547102684,DEPOSIT,ETH,0.813517
1547102642,DEPOSIT,ETH,0.566064
1547102582,DEPOSIT,XRP,0.360219
1547102569,DEPOSIT,BTC,0.326578
1547102478,DEPOSIT,ETH,0.338588
1547102407,DEPOSIT,BTC,0.360276
1547102397,DEPOSIT,ETH,0.096741
1547102392,DEPOSIT,XRP,0.503544
1547102338,WITHDRAWAL,ETH,0.607640
1547102288,WITHDRAWAL,BTC,0.926457
1547102240,WITHDRAWAL,XRP,0.755826
1547102200,WITHDRAWAL,XRP,0.529218
1547102115,DEPOSIT,ETH,0.939803
1547102091,WITHDRAWAL,BTC,0.283860
1547102007,WITHDRAWAL,BTC,0.646470
1547102007,DEPOSIT,XRP,0.584328
1547101951,DEPOSIT,ETH,0.455344
1547101883,DEPOSIT,BTC,0.237745
1547101882,DEPOSIT,BTC,0.167565
1547101859,DEPOSIT,BTC,0.712797
1547101811,DEPOSIT,BTC,0.115733
1547101765,DEPOSIT,BTC,0.112813
1547101668,DEPOSIT,BTC,0.538710
1547101659,WITHDRAWAL,ETH,0.599246
1547101574,DEPOSIT,BTC,0.989322
1547101525,DEPOSIT,BTC,0.061310
1547101486,WITHDRAWAL,XRP,0.235076
1547101424,DEPOSIT,ETH,0.658561
1547101327,DEPOSIT,BTC,0.470732
1547101245,DEPOSIT,ETH,0.614813
1547101187,WITHDRAWAL,BTC,0.943182
1547101145,WITHDRAWAL,BTC,0.315292
1547101114,WITHDRAWAL,ETH,0.410952
1547101058,WITHDRAWAL,ETH,0.510723
1547100999,DEPOSIT,ETH,0.043751
1547100933,DEPOSIT,BTC,0.244866
1547100906,DEPOSIT,ETH,0.401440
1547100846,DEPOSIT,XRP,0.971079
1547100790,WITHDRAWAL,XRP,0.166134
1547100740,DEPOSIT,XRP,0.929163
1547100728,DEPOSIT,ETH,0.334368
1547100655,DEPOSIT,BTC,0.857511
1547100571,WITHDRAWAL,ETH,0.828700
1547100568,DEPOSIT,XRP,0.607480
1547100475,DEPOSIT,XRP,0.612682
1547100469,WITHDRAWAL,ETH,0.540849
1547100412,DEPOSIT,XRP,0.796192
1547100350,DEPOSIT,BTC,0.696415
1547100274,WITHDRAWAL,XRP,0.839902
1547100219,WITHDRAWAL,BTC,0.103043
1547100160,DEPOSIT,BTC,0.397583
1547100153,WITHDRAWAL,BTC,0.360329
1547100145,DEPOSIT,XRP,0.492785
1547100087,DEPOSIT,BTC,0.238725
1547100006,WITHDRAWAL,XRP,0.687018
1547099953,DEPOSIT,ETH,0.091112
1547099943,DEPOSIT,ETH,0.841031
1547099866,DEPOSIT,BTC,0.278006
1547099804,DEPOSIT,ETH,0.354396
1547099800,DEPOSIT,BTC,0.346734
1547099710,WITHDRAWAL,BTC,0.666661
1547099626,DEPOSIT,XRP,0.008026
1547099580,DEPOSIT,BTC,0.288515
1547099504,DEPOSIT,BTC,0.661722
1547099503,DEPOSIT,ETH,0.609819
1547099441,WITHDRAWAL,ETH,0.893252
1547099345,DEPOSIT,XRP,0.585685
1547099262,DEPOSIT,ETH,0.934294
1547099240,WITHDRAWAL,XRP,0.718714
1547099187,DEPOSIT,BTC,0.757172
1547099122,DEPOSIT,ETH,0.608298
1547099105,WITHDRAWAL,ETH,0.117253
1547099039,DEPOSIT,BTC,0.521007
1547098952,WITHDRAWAL,XRP,0.903520
1547098949,WITHDRAWAL,ETH,0.568704
1547098884,DEPOSIT,ETH,0.164580
1547098879,WITHDRAWAL,XRP,0.494987
1547098868,WITHDRAWAL,BTC,0.085381
1547098855,WITHDRAWAL,BTC,0.420438
1547098847,DEPOSIT,XRP,0.273994
1547098821,WITHDRAWAL,XRP,0.921443
1547098782,WITHDRAWAL,BTC,0.031531
1547098697,DEPOSIT,BTC,0.971107
1547098686,DEPOSIT,BTC,0.578466
1547098605,DEPOSIT,BTC,0.636146
1547098561,WITHDRAWAL,BTC,0.144780
1547098485,DEPOSIT,BTC,0.319602
1547098476,DEPOSIT,BTC,0.978168
1547098409,WITHDRAWAL,BTC,0.186711
1547098331,DEPOSIT,BTC,0.777590
1547098266,DEPOSIT,ETH,0.650082
1547098212,DEPOSIT,XRP,0.405668
1547098156,DEPOSIT,XRP,0.741507
1547098060,DEPOSIT,XRP,0.711820
1547098037,WITHDRAWAL,BTC,0.979346
1547097963,DEPOSIT,BTC,0.299179
1547097888,DEPOSIT,BTC,0.857040
1547097859,DEPOSIT,BTC,0.677116
1547097823,DEPOSIT,BTC,0.360713
1547097753,DEPOSIT,BTC,0.495704
1547097730,WITHDRAWAL,ETH,0.637022
1547097696,DEPOSIT,XRP,0.746790
1547097656,DEPOSIT,XRP,0.118046
1547097618,DEPOSIT,ETH,0.944300
1547097599,DEPOSIT,XRP,0.317153
1547097526,DEPOSIT,BTC,0.771472
1547097441,WITHDRAWAL,XRP,0.360611
1547097368,DEPOSIT,XRP,0.152024
1547097312,DEPOSIT,ETH,0.636381
1547097290,WITHDRAWAL,XRP,0.708601
1547097281,DEPOSIT,BTC,0.492235
1547097227,WITHDRAWAL,BTC,0.779974
1547097187,WITHDRAWAL,XRP,0.931576
1547097187,WITHDRAWAL,BTC,0.374337
1547097179,DEPOSIT,BTC,0.348237
1547097146,WITHDRAWAL,ETH,0.167985
1547097142,WITHDRAWAL,BTC,0.921347
1547097115,DEPOSIT,BTC,0.838120
1547097088,DEPOSIT,BTC,0.084104
1547097055,DEPOSIT,ETH,0.405521
1547096976,DEPOSIT,BTC,0.198211
1547096966,WITHDRAWAL,XRP,0.541811
1547096965,DEPOSIT,ETH,0.944348
1547096872,WITHDRAWAL,XRP,0.282946
1547096846,DEPOSIT,BTC,0.695648
1547096840,WITHDRAWAL,BTC,0.439926
1547096803,DEPOSIT,BTC,0.785844
1547096789,WITHDRAWAL,XRP,0.245967
1547096716,DEPOSIT,BTC,0.952825
1547096637,WITHDRAWAL,XRP,0.317836
1547096615,DEPOSIT,BTC,0.518000
1547096559,DEPOSIT,XRP,0.423126
1547096491,DEPOSIT,ETH,0.793129
1547096487,DEPOSIT,ETH,0.340187
1547096418,DEPOSIT,ETH,0.643080
1547096355,DEPOSIT,BTC,0.535459
1547096316,DEPOSIT,ETH,0.050961
1547096275,DEPOSIT,BTC,0.921701
1547096193,DEPOSIT,XRP,0.005652
1547096115,DEPOSIT,ETH,0.294199
1547096065,WITHDRAWAL,XRP,0.833438
1547096018,DEPOSIT,XRP,0.115402
1547095992,WITHDRAWAL,BTC,0.020464
1547095958,DEPOSIT,XRP,0.995004
1547095950,DEPOSIT,BTC,0.090027
1547095861,DEPOSIT,XRP,0.198352
1547095791,DEPOSIT,ETH,0.096583
1547095729,DEPOSIT,XRP,0.663058
1547095645,WITHDRAWAL,ETH,0.169140
1547095587,DEPOSIT,BTC,0.052662
1547095585,DEPOSIT,XRP,0.755078
1547095555,WITHDRAWAL,ETH,0.213876
1547095542,WITHDRAWAL,ETH,0.725151
1547095487,WITHDRAWAL,BTC,0.676429
1547095414,DEPOSIT,BTC,0.071388
1547095362,DEPOSIT,XRP,0.411866
1547095315,DEPOSIT,BTC,0.531533
1547095220,DEPOSIT,ETH,0.268939
1547095207,WITHDRAWAL,XRP,0.289327
1547095179,DEPOSIT,BTC,0.163215
1547095113,DEPOSIT,BTC,0.190869
1547095022,DEPOSIT,XRP,0.045918
1547094942,DEPOSIT,BTC,0.155322
1547094871,DEPOSIT,XRP,0.428649
1547094793,DEPOSIT,ETH,0.315963
1547094751,DEPOSIT,XRP,0.711728
1547094720,WITHDRAWAL,XRP,0.701718
1547094710,DEPOSIT,BTC,0.576130
1547094624,WITHDRAWAL,BTC,0.304941
1547094621,DEPOSIT,XRP,0.893166
1547094602,WITHDRAWAL,XRP,0.245820
1547094551,DEPOSIT,XRP,0.621015
1547094528,DEPOSIT,BTC,0.195898
1547094520,DEPOSIT,ETH,0.726214
1547094514,DEPOSIT,ETH,0.540688
1547094430,DEPOSIT,ETH,0.079614
1547094381,DEPOSIT,BTC,0.939061
1547094311,DEPOSIT,XRP,0.254746
1547094241,DEPOSIT,ETH,0.123666
1547094211,DEPOSIT,BTC,0.433016
1547094166,WITHDRAWAL,BTC,0.254915
1547094119,DEPOSIT,BTC,0.166863
1547094109,DEPOSIT,BTC,0.726956
1547094056,DEPOSIT,ETH,0.461629
1547094021,DEPOSIT,XRP,0.802474
1547093940,DEPOSIT,XRP,0.846834
1547093843,DEPOSIT,XRP,0.452699
1547093761,DEPOSIT,ETH,0.004641
1547093729,WITHDRAWAL,ETH,0.069363
1547093729,DEPOSIT,BTC,0.175988
1547093721,DEPOSIT,ETH,0.274939
1547093703,DEPOSIT,ETH,0.944616
1547093653,WITHDRAWAL,XRP,0.351016
1547093636,WITHDRAWAL,XRP,0.448322
1547093624,DEPOSIT,XRP,0.251612
1547093548,DEPOSIT,BTC,0.253048
1547093458,WITHDRAWAL,ETH,0.048655
1547093444,DEPOSIT,BTC,0.328660
1547093409,DEPOSIT,BTC,0.814004
1547093330,DEPOSIT,BTC,0.598304
1547093281,WITHDRAWAL,BTC,0.114083
1547093244,WITHDRAWAL,XRP,0.791970
1547093146,WITHDRAWAL,BTC,0.573047
1547093104,DEPOSIT,XRP,0.285551
1547093018,WITHDRAWAL,ETH,0.557909
1547092958,DEPOSIT,BTC,0.348848
1547092953,DEPOSIT,ETH,0.100350
1547092854,WITHDRAWAL,ETH,0.536905
1547092824,WITHDRAWAL,BTC,0.239960
1547092802,WITHDRAWAL,XRP,0.695008
1547092721,DEPOSIT,BTC,0.909156
1547092627,DEPOSIT,BTC,0.338511
1547092626,WITHDRAWAL,BTC,0.832423
1547092591,DEPOSIT,XRP,0.057687
1547092522,WITHDRAWAL,XRP,0.036423
1547092437,DEPOSIT,BTC,0.344619
1547092347,WITHDRAWAL,BTC,0.196314
1547092297,DEPOSIT,BTC,0.913523
1547092274,WITHDRAWAL,ETH,0.436965
1547092252,WITHDRAWAL,BTC,0.540768
1547092180,DEPOSIT,XRP,0.635604
1547092154,WITHDRAWAL,XRP,0.443203
1547092153,DEPOSIT,BTC,0.401711
1547092113,DEPOSIT,XRP,0.619300
1547092083,DEPOSIT,XRP,0.866814
1547092078,DEPOSIT,XRP,0.119561
1547092004,WITHDRAWAL,ETH,0.143708
1547091968,DEPOSIT,XRP,0.017356
1547091946,WITHDRAWAL,XRP,0.626588
1547091856,DEPOSIT,ETH,0.019266
1547091850,DEPOSIT,XRP,0.790035
1547091807,DEPOSIT,XRP,0.254486
1547091761,WITHDRAWAL,BTC,0.960937
1547091750,DEPOSIT,ETH,0.612977
1547091708,WITHDRAWAL,XRP,0.477119
1547091665,WITHDRAWAL,BTC,0.487890
1547091645,WITHDRAWAL,BTC,0.654701
1547091557,DEPOSIT,BTC,0.875270
1547091520,WITHDRAWAL,XRP,0.464663
1547091451,WITHDRAWAL,BTC,0.648940
1547091444,DEPOSIT,BTC,0.572885
1547091402,WITHDRAWAL,BTC,0.960800
1547091396,WITHDRAWAL,ETH,0.638326
1547091313,WITHDRAWAL,XRP,0.563091
1547091309,DEPOSIT,XRP,0.275718
1547091232,DEPOSIT,BTC,0.037844
1547091208,WITHDRAWAL,XRP,0.889686
1547091147,WITHDRAWAL,XRP,0.182485
1547091078,WITHDRAWAL,BTC,0.313297
1547091049,DEPOSIT,ETH,0.956020
1547091028,WITHDRAWAL,XRP,0.162331
1547090934,DEPOSIT,ETH,0.430235
1547090885,WITHDRAWAL,XRP,0.119477
1547090883,DEPOSIT,BTC,0.328784
1547090832,WITHDRAWAL,BTC,0.714156
1547090821,DEPOSIT,ETH,0.933515
1547090803,WITHDRAWAL,XRP,0.969452
1547090799,DEPOSIT,XRP,0.682947
1547090759,DEPOSIT,XRP,0.833403
1547090688,DEPOSIT,BTC,0.567351
1547090626,DEPOSIT,BTC,0.200842
1547090564,DEPOSIT,BTC,0.175549
1547090522,DEPOSIT,XRP,0.438982
1547090491,DEPOSIT,XRP,0.921950
1547090482,DEPOSIT,BTC,0.372131
1547090480,WITHDRAWAL,ETH,0.233534
1547090478,DEPOSIT,ETH,0.418828
1547090469,DEPOSIT,ETH,0.320452
1547090371,WITHDRAWAL,BTC,0.544521
1547090371,WITHDRAWAL,XRP,0.148705
1547090349,DEPOSIT,XRP,0.478129
1547090274,WITHDRAWAL,XRP,0.005804
1547090263,DEPOSIT,XRP,0.317815
1547090188,DEPOSIT,XRP,0.254330
1547090094,WITHDRAWAL,BTC,0.861841
1547090089,DEPOSIT,BTC,0.239549
1547090031,WITHDRAWAL,ETH,0.028456
1547089991,WITHDRAWAL,BTC,0.494535
1547089942,DEPOSIT,ETH,0.763512
1547089867,DEPOSIT,XRP,0.479533
1547089839,DEPOSIT,BTC,0.941386
1547089821,WITHDRAWAL,ETH,0.497376
1547089734,DEPOSIT,BTC,0.400287
1547089647,DEPOSIT,BTC,0.960026
1547089565,WITHDRAWAL,ETH,0.886449
1547089494,DEPOSIT,ETH,0.269777
1547089430,DEPOSIT,ETH,0.235952
1547089392,DEPOSIT,ETH,0.605006
1547089365,DEPOSIT,BTC,0.124254
1547089269,DEPOSIT,XRP,0.940378
1547089240,DEPOSIT,BTC,0.864883
1547089223,DEPOSIT,BTC,0.077074
1547089135,WITHDRAWAL,BTC,0.583869
1547089043,DEPOSIT,BTC,0.293316
1547089025,DEPOSIT,XRP,0.871358
1547088927,DEPOSIT,ETH,0.479179
1547088868,DEPOSIT,BTC,0.564030
1547088863,DEPOSIT,XRP,0.341028
1547088845,WITHDRAWAL,BTC,0.527180
1547088771,WITHDRAWAL,XRP,0.339902
1547088680,WITHDRAWAL,BTC,0.731693
1547088602,DEPOSIT,XRP,0.453995
1547088589,WITHDRAWAL,XRP,0.951947
1547088583,DEPOSIT,BTC,0.333050
1547088515,WITHDRAWAL,ETH,0.522183
1547088461,DEPOSIT,ETH,0.382843
1547088369,WITHDRAWAL,BTC,0.848082
1547088362,WITHDRAWAL,ETH,0.309007
1547088278,WITHDRAWAL,BTC,0.762122
1547088263,DEPOSIT,ETH,0.767391
1547088190,WITHDRAWAL,XRP,0.605036
1547088170,WITHDRAWAL,ETH,0.589957
1547088085,DEPOSIT,ETH,0.304956
1547088057,WITHDRAWAL,ETH,0.765615
1547088000,DEPOSIT,ETH,0.201478
1547087952,DEPOSIT,BTC,0.995170
1547087936,DEPOSIT,XRP,0.476431
1547087861,DEPOSIT,BTC,0.829329
1547087860,DEPOSIT,ETH,0.818019
1547087817,DEPOSIT,BTC,0.873605
1547087747,DEPOSIT,ETH,0.170404
1547087688,WITHDRAWAL,ETH,0.288057
1547087671,WITHDRAWAL,BTC,0.630313
1547087669,DEPOSIT,ETH,0.767389
1547087651,WITHDRAWAL,BTC,0.399811
1547087619,WITHDRAWAL,BTC,0.388454
1547087566,WITHDRAWAL,BTC,0.154480
1547087535,DEPOSIT,ETH,0.654634
1547087488,DEPOSIT,XRP,0.757726
1547087404,DEPOSIT,XRP,0.189426
1547087341,DEPOSIT,ETH,0.907460
1547087287,DEPOSIT,XRP,0.023001
1547087246,DEPOSIT,XRP,0.895086
1547087221,WITHDRAWAL,BTC,0.993652
1547087197,DEPOSIT,BTC,0.833704
1547087109,WITHDRAWAL,XRP,0.607636
1547087098,WITHDRAWAL,XRP,0.947871
1547087050,WITHDRAWAL,BTC,0.357375
1547087025,DEPOSIT,BTC,0.162381
1547086951,DEPOSIT,ETH,0.793206
1547086868,WITHDRAWAL,BTC,0.447971
1547086813,WITHDRAWAL,BTC,0.833438
1547086774,DEPOSIT,BTC,0.964386
1547086684,WITHDRAWAL,BTC,0.475282
1547086631,WITHDRAWAL,ETH,0.459761
1547086619,WITHDRAWAL,ETH,0.125411
1547086522,WITHDRAWAL,BTC,0.806906
1547086464,DEPOSIT,XRP,0.788316
1547086370,DEPOSIT,ETH,0.676068
1547086348,WITHDRAWAL,BTC,0.880512
1547086289,DEPOSIT,BTC,0.382824
1547086240,WITHDRAWAL,XRP,0.869000
1547086233,DEPOSIT,BTC,0.092744
1547086232,WITHDRAWAL,ETH,0.742227
1547086194,DEPOSIT,BTC,0.605405
1547086132,DEPOSIT,BTC,0.436685
1547086093,WITHDRAWAL,BTC,0.850021
1547086019,DEPOSIT,XRP,0.758065
1547085920,DEPOSIT,BTC,0.440415
1547085849,DEPOSIT,XRP,0.147234
1547085787,DEPOSIT,BTC,0.154500
1547085780,DEPOSIT,BTC,0.816611
1547085736,DEPOSIT,XRP,0.092665
1547085639,DEPOSIT,BTC,0.395614
1547085561,WITHDRAWAL,BTC,0.383196
1547085475,DEPOSIT,ETH,0.775595
1547085461,DEPOSIT,BTC,0.511517
1547085393,DEPOSIT,ETH,0.293213
1547085379,WITHDRAWAL,BTC,0.221844
1547085301,DEPOSIT,XRP,0.969403
1547085263,DEPOSIT,ETH,0.956563
1547085178,WITHDRAWAL,ETH,0.798833
1547085125,WITHDRAWAL,BTC,0.073476
1547085088,DEPOSIT,BTC,0.975612
1547085003,WITHDRAWAL,BTC,0.345657
1547084944,DEPOSIT,ETH,0.136201
1547084936,DEPOSIT,XRP,0.010419
1547084844,WITHDRAWAL,XRP,0.156752
1547084783,DEPOSIT,XRP,0.162858
1547084764,DEPOSIT,BTC,0.217740
1547084706,DEPOSIT,BTC,0.872279
1547084619,WITHDRAWAL,BTC,0.571349
1547084567,DEPOSIT,XRP,0.034286
1547084491,DEPOSIT,XRP,0.143277
1547084441,WITHDRAWAL,XRP,0.548609
1547084376,WITHDRAWAL,XRP,0.797986
1547084374,DEPOSIT,ETH,0.160873
1547084311,WITHDRAWAL,XRP,0.044708
1547084243,DEPOSIT,BTC,0.103175
1547084237,WITHDRAWAL,XRP,0.056495
1547084174,WITHDRAWAL,ETH,0.199888
1547084083,WITHDRAWAL,BTC,0.356045
1547083997,DEPOSIT,XRP,0.813237
1547083915,DEPOSIT,XRP,0.567424
1547083879,DEPOSIT,BTC,0.013485
1547083871,DEPOSIT,ETH,0.748591
1547083870,WITHDRAWAL,BTC,0.200721
1547083802,DEPOSIT,BTC,0.373775
1547083760,WITHDRAWAL,BTC,0.521526
1547083723,DEPOSIT,BTC,0.378320
1547083669,DEPOSIT,XRP,0.708699
1547083580,WITHDRAWAL,ETH,0.634580
1547083501,WITHDRAWAL,BTC,0.938074
1547083440,DEPOSIT,ETH,0.626068
1547083363,DEPOSIT,XRP,0.619493
1547083301,WITHDRAWAL,ETH,0.928524
1547083284,WITHDRAWAL,XRP,0.118960
1547083265,DEPOSIT,ETH,0.701026
1547083244,DEPOSIT,BTC,0.950208
1547083211,DEPOSIT,BTC,0.005389
1547083210,WITHDRAWAL,XRP,0.190730
1547083197,DEPOSIT,BTC,0.901967
1547083131,DEPOSIT,BTC,0.027348
1547083089,DEPOSIT,BTC,0.237155
1547083089,DEPOSIT,BTC,0.490279
1547083063,WITHDRAWAL,BTC,0.037632
1547083063,DEPOSIT,ETH,0.799492
1547083028,WITHDRAWAL,BTC,0.875892
1547082946,WITHDRAWAL,ETH,0.372323
1547082937,DEPOSIT,BTC,0.170932
1547082892,DEPOSIT,ETH,0.020303
1547082877,DEPOSIT,BTC,0.439456
1547082834,WITHDRAWAL,ETH,0.766364
1547082760,WITHDRAWAL,ETH,0.877962
1547082696,DEPOSIT,XRP,0.547254
1547082659,WITHDRAWAL,XRP,0.708762
1547082630,DEPOSIT,BTC,0.337690
1547082566,DEPOSIT,ETH,0.523751
1547082475,DEPOSIT,BTC,0.941224
1547082418,DEPOSIT,XRP,0.959030
1547082402,WITHDRAWAL,XRP,0.728798
1547082329,WITHDRAWAL,BTC,0.441114
1547082307,DEPOSIT,ETH,0.594186
1547082288,DEPOSIT,BTC,0.089294
1547082206,WITHDRAWAL,ETH,0.523104
1547082136,WITHDRAWAL,BTC,0.968038
1547082082,WITHDRAWAL,XRP,0.676627
1547081998,WITHDRAWAL,BTC,0.806203
1547081931,WITHDRAWAL,XRP,0.922645
1547081909,WITHDRAWAL,XRP,0.790517
1547081902,WITHDRAWAL,ETH,0.208508
1547081884,DEPOSIT,XRP,0.908592
1547081858,DEPOSIT,BTC,0.183796
1547081765,WITHDRAWAL,ETH,0.432054
1547081721,DEPOSIT,XRP,0.326315
1547081668,DEPOSIT,XRP,0.753034
1547081601,WITHDRAWAL,XRP,0.613369
1547081548,DEPOSIT,ETH,0.455848
1547081509,DEPOSIT,ETH,0.472087
1547081498,WITHDRAWAL,ETH,0.249708
1547081441,DEPOSIT,ETH,0.836545
1547081345,DEPOSIT,XRP,0.205122
1547081317,WITHDRAWAL,BTC,0.134130
1547081224,DEPOSIT,BTC,0.714920
1547081210,DEPOSIT,XRP,0.360760
1547081138,DEPOSIT,BTC,0.477082
1547081086,WITHDRAWAL,BTC,0.309062
1547081007,DEPOSIT,BTC,0.115330
1547080919,DEPOSIT,ETH,0.119737
1547080903,DEPOSIT,XRP,0.184114
1547080812,WITHDRAWAL,XRP,0.309363
1547080755,WITHDRAWAL,XRP,0.228462
1547080740,DEPOSIT,ETH,0.049913
1547080712,DEPOSIT,ETH,0.766931
1547080627,WITHDRAWAL,ETH,0.801714
1547080536,DEPOSIT,XRP,0.499654
1547080483,DEPOSIT,BTC,0.743631
1547080442,WITHDRAWAL,BTC,0.133592
1547080366,WITHDRAWAL,BTC,0.028510
1547080267,WITHDRAWAL,ETH,0.547109
1547080226,DEPOSIT,BTC,0.804174
1547080216,DEPOSIT,XRP,0.992973
1547080179,DEPOSIT,ETH,0.354055
1547080148,WITHDRAWAL,BTC,0.307938
1547080134,DEPOSIT,XRP,0.771029